complete,volume,open,high,low,close
True,8,1.13458,1.13466,1.13458,1.13458
True,11,1.13456,1.13462,1.13456,1.13461
True,21,1.13458,1.13458,1.13452,1.13455
True,14,1.13456,1.13462,1.13455,1.13460
True,26,1.13456,1.13458,1.13446,1.13458
True,27,1.13455,1.13458,1.13452,1.13452
True,4,1.13450,1.13452,1.13448,1.13448
True,23,1.13446,1.13450,1.13438,1.13440
True,11,1.13441,1.13444,1.13436,1.13442
True,10,1.13443,1.13443,1.13435,1.13436
True,17,1.13436,1.13444,1.13436,1.13440
True,10,1.13440,1.13440,1.13432,1.13432
True,21,1.13432,1.13438,1.13426,1.13436
True,41,1.13435,1.13436,1.13432,1.13432
True,10,1.13432,1.13432,1.13428,1.13430
True,3,1.13430,1.13433,1.13430,1.13431
True,16,1.13436,1.13436,1.13430,1.13430
True,8,1.13426,1.13426,1.13420,1.13424
True,3,1.13426,1.13430,1.13426,1.13430
True,5,1.13436,1.13437,1.13433,1.13434
True,38,1.13434,1.13454,1.13434,1.13446
True,6,1.13450,1.13456,1.13450,1.13454
True,16,1.13460,1.13462,1.13452,1.13454
True,38,1.13448,1.13464,1.13448,1.13464
True,31,1.13464,1.13468,1.13456,1.13467
True,26,1.13467,1.13473,1.13467,1.13468
True,15,1.13466,1.13473,1.13458,1.13470
True,27,1.13476,1.13484,1.13474,1.13476
True,7,1.13476,1.13482,1.13476,1.13478
True,16,1.13479,1.13482,1.13479,1.13480
True,62,1.13481,1.13483,1.13466,1.13466
True,14,1.13468,1.13469,1.13462,1.13464
True,1,1.13460,1.13460,1.13460,1.13460
True,10,1.13456,1.13460,1.13453,1.13460
True,24,1.13460,1.13460,1.13454,1.13460
True,8,1.13456,1.13461,1.13451,1.13461
True,8,1.13460,1.13460,1.13454,1.13459
True,8,1.13462,1.13464,1.13456,1.13456
True,17,1.13456,1.13457,1.13455,1.13456
True,2,1.13456,1.13456,1.13452,1.13452
True,37,1.13452,1.13463,1.13452,1.13460
True,29,1.13462,1.13462,1.13452,1.13452
True,1,1.13456,1.13456,1.13456,1.13456
True,1,1.13454,1.13454,1.13454,1.13454
True,2,1.13456,1.13459,1.13456,1.13459
True,20,1.13454,1.13460,1.13454,1.13455
True,16,1.13460,1.13460,1.13456,1.13457
True,3,1.13456,1.13456,1.13454,1.13456
True,10,1.13461,1.13466,1.13460,1.13466
True,15,1.13466,1.13466,1.13460,1.13460
True,10,1.13459,1.13459,1.13456,1.13456
True,2,1.13456,1.13456,1.13455,1.13455
True,38,1.13456,1.13456,1.13451,1.13452
True,3,1.13450,1.13452,1.13448,1.13448
True,13,1.13448,1.13453,1.13447,1.13452
True,7,1.13453,1.13453,1.13448,1.13448
True,12,1.13442,1.13446,1.13440,1.13443
True,13,1.13446,1.13446,1.13432,1.13432
True,4,1.13432,1.13432,1.13432,1.13432
True,52,1.13429,1.13434,1.13421,1.13425
True,14,1.13426,1.13430,1.13418,1.13418
True,17,1.13420,1.13422,1.13409,1.13418
True,2,1.13420,1.13420,1.13416,1.13416
True,7,1.13416,1.13424,1.13416,1.13420
True,11,1.13416,1.13417,1.13414,1.13417
True,20,1.13412,1.13420,1.13412,1.13415
True,13,1.13415,1.13418,1.13414,1.13414
True,7,1.13409,1.13414,1.13407,1.13414
True,18,1.13409,1.13416,1.13409,1.13411
True,10,1.13410,1.13410,1.13402,1.13404
True,25,1.13410,1.13410,1.13402,1.13405
True,5,1.13406,1.13406,1.13406,1.13406
True,8,1.13406,1.13406,1.13403,1.13403
True,25,1.13408,1.13434,1.13408,1.13434
True,25,1.13438,1.13439,1.13434,1.13439
True,15,1.13438,1.13438,1.13425,1.13426
True,3,1.13425,1.13425,1.13418,1.13418
True,9,1.13412,1.13413,1.13406,1.13408
True,4,1.13413,1.13413,1.13406,1.13406
True,15,1.13405,1.13411,1.13404,1.13411
True,15,1.13410,1.13410,1.13402,1.13402
True,21,1.13406,1.13406,1.13398,1.13400
True,16,1.13400,1.13401,1.13393,1.13398
True,4,1.13392,1.13394,1.13392,1.13394
True,2,1.13396,1.13399,1.13396,1.13399
True,1,1.13394,1.13394,1.13394,1.13394
True,2,1.13392,1.13392,1.13390,1.13390
True,13,1.13392,1.13394,1.13386,1.13386
True,7,1.13389,1.13389,1.13378,1.13385
True,12,1.13390,1.13403,1.13390,1.13395
True,26,1.13393,1.13408,1.13390,1.13402
True,20,1.13401,1.13415,1.13400,1.13410
True,28,1.13410,1.13419,1.13410,1.13419
True,12,1.13418,1.13430,1.13418,1.13421
True,19,1.13416,1.13432,1.13412,1.13432
True,18,1.13432,1.13432,1.13426,1.13432
True,16,1.13432,1.13434,1.13428,1.13430
True,15,1.13432,1.13432,1.13422,1.13424
True,32,1.13424,1.13432,1.13422,1.13428
True,20,1.13428,1.13439,1.13428,1.13438
True,8,1.13436,1.13440,1.13436,1.13438
True,10,1.13440,1.13446,1.13435,1.13446
True,53,1.13440,1.13440,1.13415,1.13418
True,18,1.13418,1.13427,1.13416,1.13427
True,7,1.13426,1.13426,1.13415,1.13420
True,23,1.13420,1.13420,1.13413,1.13419
True,37,1.13418,1.13445,1.13418,1.13436
True,15,1.13436,1.13438,1.13428,1.13432
True,22,1.13429,1.13445,1.13418,1.13442
True,3,1.13440,1.13440,1.13438,1.13440
True,11,1.13445,1.13452,1.13445,1.13448
True,5,1.13452,1.13452,1.13444,1.13446
True,26,1.13443,1.13450,1.13440,1.13450
True,12,1.13455,1.13456,1.13439,1.13447
True,11,1.13450,1.13450,1.13444,1.13446
True,6,1.13448,1.13448,1.13436,1.13436
True,15,1.13434,1.13434,1.13421,1.13421
True,19,1.13421,1.13422,1.13413,1.13415
True,1,1.13413,1.13413,1.13413,1.13413
True,8,1.13415,1.13415,1.13411,1.13414
True,9,1.13419,1.13422,1.13416,1.13422
True,11,1.13426,1.13427,1.13422,1.13422
True,58,1.13422,1.13422,1.13399,1.13405
True,45,1.13406,1.13406,1.13396,1.13405
True,38,1.13400,1.13400,1.13385,1.13390
True,14,1.13394,1.13410,1.13393,1.13393
True,24,1.13394,1.13400,1.13391,1.13392
True,33,1.13390,1.13393,1.13384,1.13393
True,26,1.13397,1.13404,1.13394,1.13397
True,27,1.13396,1.13396,1.13389,1.13394
True,31,1.13398,1.13401,1.13394,1.13401
True,26,1.13396,1.13414,1.13396,1.13406
True,25,1.13406,1.13416,1.13405,1.13411
True,32,1.13412,1.13421,1.13402,1.13421
True,34,1.13421,1.13422,1.13408,1.13414
True,58,1.13412,1.13412,1.13394,1.13398
True,39,1.13398,1.13416,1.13395,1.13408
True,51,1.13408,1.13414,1.13402,1.13412
True,13,1.13412,1.13414,1.13409,1.13414
True,40,1.13413,1.13435,1.13396,1.13432
True,21,1.13430,1.13432,1.13418,1.13424
True,30,1.13424,1.13425,1.13420,1.13422
True,36,1.13424,1.13432,1.13420,1.13424
True,39,1.13426,1.13443,1.13426,1.13438
True,54,1.13438,1.13452,1.13438,1.13444
True,13,1.13445,1.13448,1.13444,1.13446
True,46,1.13446,1.13456,1.13446,1.13452
True,51,1.13452,1.13460,1.13442,1.13444
True,50,1.13446,1.13446,1.13424,1.13424
True,28,1.13422,1.13431,1.13417,1.13430
True,33,1.13429,1.13432,1.13422,1.13432
True,52,1.13432,1.13458,1.13432,1.13454
True,47,1.13458,1.13464,1.13454,1.13456
True,29,1.13459,1.13460,1.13449,1.13460
True,67,1.13460,1.13474,1.13459,1.13464
True,16,1.13460,1.13462,1.13448,1.13454
True,34,1.13454,1.13456,1.13445,1.13450
True,27,1.13448,1.13448,1.13436,1.13436
True,10,1.13440,1.13440,1.13434,1.13438
True,47,1.13436,1.13444,1.13436,1.13438
True,33,1.13439,1.13445,1.13436,1.13438
True,16,1.13442,1.13456,1.13442,1.13454
True,118,1.13452,1.13527,1.13452,1.13522
True,44,1.13522,1.13524,1.13500,1.13506
True,46,1.13506,1.13507,1.13496,1.13502
True,43,1.13503,1.13503,1.13478,1.13480
True,76,1.13480,1.13489,1.13470,1.13474
True,61,1.13475,1.13482,1.13452,1.13452
True,62,1.13456,1.13464,1.13448,1.13456
True,15,1.13458,1.13460,1.13446,1.13448
True,40,1.13454,1.13466,1.13452,1.13466
True,55,1.13468,1.13468,1.13450,1.13452
True,22,1.13452,1.13457,1.13446,1.13448
True,40,1.13448,1.13464,1.13448,1.13461
True,6,1.13460,1.13469,1.13460,1.13469
True,38,1.13470,1.13501,1.13468,1.13498
True,68,1.13494,1.13508,1.13486,1.13504
True,73,1.13505,1.13510,1.13477,1.13510
True,62,1.13505,1.13531,1.13502,1.13525
True,372,1.13528,1.13568,1.13518,1.13550
True,100,1.13551,1.13568,1.13544,1.13547
True,87,1.13542,1.13568,1.13534,1.13551
True,63,1.13546,1.13558,1.13544,1.13558
True,55,1.13562,1.13567,1.13550,1.13551
True,68,1.13550,1.13560,1.13535,1.13560
True,35,1.13560,1.13566,1.13554,1.13558
True,26,1.13560,1.13570,1.13560,1.13570
True,152,1.13572,1.13604,1.13572,1.13590
True,52,1.13588,1.13603,1.13583,1.13590
True,79,1.13592,1.13604,1.13578,1.13584
True,57,1.13584,1.13584,1.13563,1.13567
True,90,1.13568,1.13596,1.13564,1.13588
True,70,1.13591,1.13596,1.13568,1.13585
True,73,1.13584,1.13596,1.13578,1.13588
True,50,1.13588,1.13590,1.13558,1.13560
True,113,1.13564,1.13566,1.13540,1.13562
True,89,1.13560,1.13598,1.13558,1.13598
True,116,1.13602,1.13626,1.13587,1.13598
True,45,1.13598,1.13606,1.13584,1.13590
True,38,1.13594,1.13602,1.13582,1.13582
True,65,1.13582,1.13600,1.13580,1.13593
True,52,1.13588,1.13600,1.13579,1.13595
True,83,1.13595,1.13628,1.13595,1.13616
True,94,1.13616,1.13634,1.13616,1.13618
True,134,1.13618,1.13654,1.13610,1.13616
True,127,1.13615,1.13650,1.13615,1.13632
True,123,1.13632,1.13660,1.13619,1.13634
True,52,1.13635,1.13640,1.13624,1.13629
True,47,1.13628,1.13636,1.13618,1.13623
True,55,1.13620,1.13628,1.13586,1.13586
True,76,1.13584,1.13601,1.13578,1.13585
True,34,1.13586,1.13606,1.13586,1.13606
True,16,1.13605,1.13614,1.13594,1.13594
True,60,1.13590,1.13606,1.13588,1.13592
True,62,1.13594,1.13596,1.13585,1.13590
True,64,1.13586,1.13586,1.13570,1.13586
True,21,1.13586,1.13593,1.13574,1.13574
True,22,1.13570,1.13570,1.13560,1.13564
True,92,1.13564,1.13564,1.13534,1.13536
True,82,1.13535,1.13542,1.13527,1.13538
True,27,1.13540,1.13558,1.13540,1.13550
True,27,1.13550,1.13558,1.13548,1.13549
True,41,1.13544,1.13552,1.13540,1.13550
True,11,1.13550,1.13553,1.13547,1.13547
True,20,1.13552,1.13553,1.13544,1.13549
True,32,1.13548,1.13576,1.13540,1.13568
True,67,1.13564,1.13582,1.13559,1.13568
True,11,1.13568,1.13576,1.13568,1.13571
True,37,1.13567,1.13586,1.13562,1.13585
True,52,1.13582,1.13592,1.13578,1.13588
True,42,1.13587,1.13587,1.13566,1.13578
True,30,1.13581,1.13594,1.13580,1.13580
True,36,1.13584,1.13602,1.13574,1.13596
True,42,1.13592,1.13602,1.13580,1.13580
True,39,1.13580,1.13584,1.13574,1.13578
True,44,1.13582,1.13608,1.13578,1.13604
True,62,1.13600,1.13608,1.13580,1.13580
True,65,1.13578,1.13578,1.13537,1.13548
True,33,1.13548,1.13559,1.13530,1.13536
True,39,1.13535,1.13557,1.13532,1.13552
True,59,1.13548,1.13567,1.13548,1.13567
True,67,1.13566,1.13571,1.13552,1.13567
True,55,1.13568,1.13605,1.13568,1.13605
True,55,1.13609,1.13610,1.13588,1.13592
True,56,1.13592,1.13610,1.13590,1.13609
True,65,1.13608,1.13638,1.13600,1.13638
True,114,1.13638,1.13666,1.13637,1.13658
True,49,1.13659,1.13664,1.13650,1.13664
True,86,1.13664,1.13672,1.13643,1.13648
True,38,1.13646,1.13652,1.13626,1.13630
True,39,1.13636,1.13650,1.13622,1.13646
True,43,1.13644,1.13658,1.13628,1.13647
True,43,1.13648,1.13650,1.13624,1.13642
True,85,1.13642,1.13691,1.13642,1.13682
True,88,1.13682,1.13693,1.13676,1.13690
True,98,1.13690,1.13700,1.13665,1.13700
True,166,1.13705,1.13732,1.13686,1.13712
True,69,1.13710,1.13712,1.13683,1.13683
True,97,1.13682,1.13697,1.13673,1.13673
True,61,1.13678,1.13694,1.13674,1.13693
True,45,1.13694,1.13694,1.13682,1.13690
True,50,1.13694,1.13694,1.13675,1.13680
True,46,1.13686,1.13696,1.13678,1.13689
True,39,1.13688,1.13696,1.13676,1.13676
True,9,1.13672,1.13678,1.13672,1.13678
True,81,1.13678,1.13716,1.13673,1.13716
True,96,1.13716,1.13731,1.13700,1.13724
True,64,1.13724,1.13732,1.13718,1.13722
True,55,1.13721,1.13737,1.13716,1.13734
True,42,1.13731,1.13746,1.13728,1.13742
True,68,1.13738,1.13750,1.13732,1.13746
True,60,1.13747,1.13776,1.13746,1.13766
True,94,1.13762,1.13766,1.13742,1.13762
True,38,1.13764,1.13768,1.13750,1.13754
True,72,1.13754,1.13764,1.13747,1.13764
True,62,1.13767,1.13775,1.13760,1.13763
True,71,1.13761,1.13766,1.13756,1.13764
True,44,1.13763,1.13766,1.13745,1.13745
True,38,1.13744,1.13748,1.13738,1.13742
True,38,1.13742,1.13745,1.13738,1.13741
True,38,1.13740,1.13752,1.13740,1.13744
True,57,1.13748,1.13757,1.13740,1.13757
True,24,1.13754,1.13760,1.13749,1.13749
True,54,1.13750,1.13762,1.13740,1.13760
True,68,1.13764,1.13786,1.13755,1.13775
True,38,1.13771,1.13792,1.13770,1.13783
True,81,1.13782,1.13796,1.13780,1.13792
True,50,1.13792,1.13800,1.13785,1.13798
True,13,1.13798,1.13800,1.13793,1.13796
True,135,1.13796,1.13810,1.13787,1.13807
True,71,1.13806,1.13806,1.13771,1.13771
True,50,1.13776,1.13797,1.13768,1.13768
True,42,1.13765,1.13770,1.13755,1.13758
True,65,1.13762,1.13792,1.13762,1.13792
True,137,1.13792,1.13798,1.13772,1.13778
True,96,1.13778,1.13800,1.13778,1.13786
True,78,1.13786,1.13798,1.13777,1.13788
True,55,1.13790,1.13802,1.13790,1.13798
True,145,1.13798,1.13851,1.13793,1.13829
True,177,1.13834,1.13880,1.13832,1.13861
True,106,1.13866,1.13870,1.13854,1.13859
True,61,1.13864,1.13880,1.13861,1.13867
True,71,1.13862,1.13870,1.13854,1.13863
True,84,1.13861,1.13865,1.13844,1.13850
True,114,1.13854,1.13854,1.13818,1.13834
True,25,1.13836,1.13840,1.13828,1.13828
True,62,1.13828,1.13842,1.13822,1.13834
True,24,1.13830,1.13837,1.13821,1.13822
True,76,1.13822,1.13835,1.13817,1.13818
True,75,1.13817,1.13834,1.13806,1.13807
True,85,1.13809,1.13809,1.13784,1.13794
True,33,1.13794,1.13802,1.13794,1.13795
True,18,1.13792,1.13801,1.13792,1.13798
True,64,1.13800,1.13802,1.13788,1.13794
True,59,1.13794,1.13803,1.13770,1.13774
True,42,1.13778,1.13778,1.13770,1.13774
True,21,1.13774,1.13780,1.13768,1.13777
True,15,1.13776,1.13778,1.13770,1.13776
True,42,1.13777,1.13778,1.13771,1.13772
True,24,1.13774,1.13774,1.13761,1.13764
True,64,1.13764,1.13766,1.13751,1.13761
True,143,1.13763,1.13768,1.13742,1.13752
True,41,1.13756,1.13763,1.13752,1.13761
True,40,1.13756,1.13764,1.13750,1.13750
True,66,1.13748,1.13749,1.13738,1.13749
True,65,1.13750,1.13750,1.13730,1.13734
True,122,1.13732,1.13762,1.13728,1.13754
True,54,1.13752,1.13768,1.13746,1.13768
True,62,1.13766,1.13787,1.13764,1.13774
True,52,1.13774,1.13780,1.13748,1.13752
True,20,1.13756,1.13762,1.13750,1.13750
True,21,1.13752,1.13770,1.13752,1.13768
True,107,1.13766,1.13801,1.13766,1.13800
True,32,1.13800,1.13800,1.13791,1.13796
True,34,1.13796,1.13796,1.13782,1.13782
True,79,1.13782,1.13786,1.13762,1.13782
True,52,1.13778,1.13798,1.13778,1.13798
True,29,1.13797,1.13818,1.13797,1.13818
True,38,1.13814,1.13818,1.13806,1.13810
True,56,1.13804,1.13804,1.13778,1.13788
True,36,1.13792,1.13792,1.13778,1.13780
True,38,1.13780,1.13787,1.13777,1.13782
True,37,1.13780,1.13780,1.13773,1.13774
True,64,1.13773,1.13797,1.13773,1.13797
True,68,1.13795,1.13802,1.13782,1.13784
True,36,1.13784,1.13803,1.13778,1.13800
True,44,1.13800,1.13808,1.13794,1.13795
True,41,1.13790,1.13790,1.13776,1.13784
True,39,1.13786,1.13805,1.13786,1.13798
True,39,1.13802,1.13804,1.13790,1.13802
True,41,1.13798,1.13802,1.13790,1.13791
True,36,1.13790,1.13796,1.13784,1.13791
True,31,1.13792,1.13806,1.13784,1.13804
True,63,1.13804,1.13829,1.13804,1.13811
True,64,1.13808,1.13824,1.13800,1.13804
True,36,1.13805,1.13808,1.13799,1.13799
True,28,1.13795,1.13795,1.13782,1.13788
True,52,1.13790,1.13804,1.13790,1.13802
True,41,1.13798,1.13805,1.13793,1.13802
True,22,1.13798,1.13804,1.13792,1.13804
True,31,1.13804,1.13809,1.13804,1.13806
True,38,1.13805,1.13821,1.13804,1.13820
True,20,1.13821,1.13832,1.13820,1.13822
True,92,1.13820,1.13820,1.13794,1.13800
True,220,1.13800,1.13804,1.13737,1.13742
True,289,1.13748,1.13755,1.13724,1.13755
True,87,1.13755,1.13784,1.13755,1.13776
True,105,1.13779,1.13786,1.13768,1.13771
True,52,1.13772,1.13772,1.13765,1.13765
True,106,1.13770,1.13780,1.13742,1.13743
True,31,1.13744,1.13745,1.13734,1.13734
True,54,1.13734,1.13751,1.13730,1.13730
True,71,1.13734,1.13738,1.13719,1.13720
True,25,1.13720,1.13736,1.13716,1.13732
True,60,1.13728,1.13729,1.13718,1.13720
True,51,1.13718,1.13718,1.13708,1.13718
True,40,1.13718,1.13724,1.13704,1.13710
True,59,1.13710,1.13714,1.13700,1.13714
True,35,1.13719,1.13719,1.13709,1.13712
True,56,1.13712,1.13716,1.13708,1.13715
True,46,1.13718,1.13734,1.13714,1.13733
True,34,1.13732,1.13754,1.13728,1.13744
True,40,1.13744,1.13750,1.13740,1.13748
True,62,1.13753,1.13768,1.13741,1.13768
True,129,1.13768,1.13768,1.13706,1.13710
True,86,1.13713,1.13716,1.13699,1.13707
True,45,1.13709,1.13718,1.13704,1.13704
True,53,1.13709,1.13710,1.13688,1.13694
True,33,1.13698,1.13712,1.13698,1.13704
True,59,1.13703,1.13723,1.13690,1.13715
True,75,1.13716,1.13734,1.13714,1.13722
True,43,1.13724,1.13744,1.13724,1.13738
True,15,1.13734,1.13742,1.13730,1.13733
True,53,1.13738,1.13754,1.13733,1.13739
True,45,1.13738,1.13744,1.13734,1.13734
True,39,1.13734,1.13740,1.13728,1.13731
True,12,1.13730,1.13746,1.13730,1.13741
True,50,1.13736,1.13761,1.13735,1.13755
True,24,1.13754,1.13758,1.13752,1.13754
True,8,1.13756,1.13766,1.13756,1.13763
True,68,1.13765,1.13776,1.13757,1.13758
True,44,1.13758,1.13770,1.13748,1.13764
True,25,1.13762,1.13771,1.13758,1.13758
True,56,1.13762,1.13768,1.13753,1.13758
True,38,1.13758,1.13764,1.13750,1.13754
True,51,1.13755,1.13761,1.13744,1.13749
True,57,1.13750,1.13750,1.13732,1.13734
True,66,1.13735,1.13754,1.13726,1.13738
True,33,1.13737,1.13737,1.13717,1.13718
True,49,1.13715,1.13718,1.13706,1.13718
True,40,1.13719,1.13730,1.13718,1.13721
True,32,1.13719,1.13728,1.13714,1.13723
True,31,1.13728,1.13743,1.13726,1.13738
True,53,1.13740,1.13740,1.13724,1.13732
True,97,1.13736,1.13736,1.13717,1.13730
True,31,1.13727,1.13731,1.13716,1.13723
True,47,1.13718,1.13738,1.13710,1.13730
True,50,1.13726,1.13744,1.13721,1.13744
True,54,1.13745,1.13758,1.13742,1.13756
True,33,1.13752,1.13758,1.13750,1.13754
True,25,1.13753,1.13760,1.13752,1.13759
True,46,1.13758,1.13764,1.13733,1.13734
True,61,1.13738,1.13752,1.13724,1.13748
True,69,1.13747,1.13758,1.13744,1.13750
True,36,1.13750,1.13750,1.13734,1.13745
True,42,1.13746,1.13754,1.13738,1.13746
True,20,1.13747,1.13748,1.13744,1.13748
True,96,1.13752,1.13794,1.13750,1.13784
True,49,1.13782,1.13812,1.13782,1.13812
True,38,1.13810,1.13814,1.13796,1.13802
True,77,1.13803,1.13814,1.13798,1.13808
True,43,1.13813,1.13815,1.13797,1.13806
True,41,1.13805,1.13816,1.13802,1.13808
True,30,1.13808,1.13830,1.13800,1.13830
True,29,1.13829,1.13829,1.13814,1.13820
True,36,1.13820,1.13830,1.13820,1.13826
True,91,1.13826,1.13829,1.13812,1.13820
True,39,1.13819,1.13837,1.13819,1.13823
True,36,1.13826,1.13850,1.13826,1.13844
True,51,1.13844,1.13844,1.13818,1.13829
True,34,1.13825,1.13836,1.13822,1.13830
True,29,1.13828,1.13832,1.13826,1.13831
True,20,1.13830,1.13831,1.13825,1.13826
True,19,1.13826,1.13829,1.13818,1.13819
True,17,1.13820,1.13830,1.13818,1.13830
True,62,1.13834,1.13857,1.13832,1.13852
True,85,1.13847,1.13886,1.13846,1.13882
True,58,1.13880,1.13886,1.13871,1.13880
True,80,1.13880,1.13880,1.13841,1.13863
True,27,1.13859,1.13873,1.13859,1.13868
True,103,1.13866,1.13943,1.13866,1.13932
True,131,1.13927,1.13968,1.13927,1.13968
True,168,1.13966,1.13999,1.13960,1.13960
True,100,1.13956,1.13985,1.13954,1.13978
True,143,1.13980,1.13993,1.13972,1.13972
True,101,1.13972,1.14007,1.13966,1.13990
True,102,1.13986,1.13990,1.13975,1.13989
True,61,1.13989,1.13992,1.13964,1.13964
True,47,1.13960,1.13971,1.13952,1.13966
True,42,1.13969,1.13969,1.13956,1.13958
True,59,1.13958,1.13967,1.13954,1.13967
True,34,1.13962,1.13967,1.13954,1.13967
True,65,1.13962,1.13966,1.13950,1.13962
True,59,1.13962,1.13967,1.13954,1.13954
True,52,1.13956,1.13958,1.13942,1.13952
True,48,1.13953,1.13956,1.13943,1.13956
True,37,1.13953,1.13953,1.13930,1.13936
True,22,1.13934,1.13938,1.13932,1.13933
True,96,1.13934,1.13953,1.13930,1.13948
True,52,1.13948,1.13975,1.13948,1.13968
True,98,1.13968,1.14036,1.13968,1.14032
True,60,1.14032,1.14032,1.14006,1.14014
True,76,1.14012,1.14012,1.13981,1.13982
True,21,1.13988,1.13990,1.13983,1.13985
True,32,1.13983,1.13989,1.13982,1.13989
True,105,1.13986,1.13987,1.13948,1.13952
True,289,1.13953,1.13971,1.13926,1.13950
True,111,1.13948,1.13986,1.13948,1.13973
True,67,1.13974,1.13986,1.13958,1.13960
True,56,1.13964,1.13996,1.13960,1.13996
True,72,1.13991,1.14005,1.13980,1.13991
True,79,1.13993,1.13996,1.13976,1.13988
True,114,1.13992,1.14014,1.13984,1.13992
True,98,1.13993,1.13996,1.13972,1.13990
True,54,1.13989,1.14000,1.13966,1.13966
True,59,1.13972,1.13978,1.13950,1.13950
True,277,1.13951,1.14041,1.13951,1.14036
True,72,1.14034,1.14041,1.14015,1.14015
True,53,1.14018,1.14022,1.14008,1.14015
True,40,1.14012,1.14016,1.13993,1.13994
True,52,1.13994,1.14016,1.13991,1.14010
True,39,1.14005,1.14005,1.13984,1.13985
True,56,1.13983,1.13990,1.13970,1.13975
True,48,1.13976,1.13985,1.13973,1.13982
True,39,1.13984,1.14016,1.13984,1.14006
True,43,1.14002,1.14016,1.14001,1.14011
True,66,1.14013,1.14028,1.14000,1.14011
True,72,1.14010,1.14023,1.13996,1.14016
True,102,1.14016,1.14032,1.14006,1.14006
True,48,1.14002,1.14018,1.13998,1.14012
True,69,1.14012,1.14039,1.14012,1.14034
True,154,1.14035,1.14044,1.14022,1.14038
True,61,1.14042,1.14042,1.14016,1.14016
True,43,1.14017,1.14018,1.14004,1.14006
True,55,1.14009,1.14034,1.14009,1.14031
True,64,1.14032,1.14040,1.14022,1.14030
True,113,1.14029,1.14032,1.14007,1.14016
True,52,1.14020,1.14030,1.13996,1.14004
True,84,1.14002,1.14039,1.14002,1.14030
True,79,1.14026,1.14026,1.13995,1.13996
True,83,1.13997,1.14014,1.13992,1.14000
True,79,1.14001,1.14013,1.13998,1.14013
True,93,1.14008,1.14008,1.13974,1.13974
True,94,1.13978,1.13980,1.13950,1.13954
True,47,1.13954,1.13972,1.13954,1.13966
True,61,1.13962,1.13968,1.13951,1.13964
True,67,1.13969,1.13969,1.13952,1.13958
True,53,1.13954,1.13960,1.13940,1.13940
True,50,1.13943,1.13950,1.13940,1.13946
True,40,1.13946,1.13960,1.13936,1.13946
True,58,1.13946,1.13958,1.13946,1.13948
True,64,1.13953,1.13985,1.13952,1.13974
True,30,1.13977,1.13977,1.13962,1.13963
True,57,1.13958,1.13971,1.13940,1.13945
True,35,1.13945,1.13946,1.13923,1.13934
True,38,1.13934,1.13946,1.13922,1.13936
True,39,1.13932,1.13940,1.13927,1.13930
True,40,1.13926,1.13926,1.13898,1.13908
True,46,1.13914,1.13918,1.13906,1.13915
True,52,1.13916,1.13916,1.13896,1.13904
True,54,1.13908,1.13908,1.13880,1.13886
True,49,1.13888,1.13896,1.13876,1.13892
True,47,1.13895,1.13907,1.13892,1.13904
True,36,1.13905,1.13905,1.13885,1.13888
True,70,1.13888,1.13888,1.13860,1.13872
True,56,1.13876,1.13882,1.13867,1.13874
True,80,1.13874,1.13886,1.13874,1.13882
True,58,1.13881,1.13888,1.13866,1.13886
True,39,1.13887,1.13904,1.13885,1.13902
True,31,1.13906,1.13907,1.13898,1.13904
True,25,1.13904,1.13937,1.13904,1.13937
True,18,1.13934,1.13948,1.13930,1.13946
True,51,1.13948,1.13962,1.13946,1.13946
True,30,1.13944,1.13952,1.13942,1.13942
True,28,1.13943,1.13951,1.13936,1.13941
True,23,1.13936,1.13939,1.13920,1.13921
True,15,1.13918,1.13920,1.13908,1.13916
True,24,1.13922,1.13931,1.13922,1.13922
True,19,1.13921,1.13932,1.13915,1.13920
True,27,1.13924,1.13934,1.13914,1.13918
True,42,1.13918,1.13938,1.13918,1.13924
True,50,1.13922,1.13962,1.13922,1.13947
True,34,1.13952,1.13954,1.13934,1.13934
True,20,1.13938,1.13948,1.13934,1.13938
True,32,1.13938,1.13938,1.13923,1.13930
True,27,1.13928,1.13940,1.13928,1.13930
True,37,1.13930,1.13942,1.13930,1.13935
True,36,1.13930,1.13940,1.13930,1.13934
True,12,1.13940,1.13946,1.13936,1.13944
True,36,1.13944,1.13944,1.13923,1.13925
True,33,1.13926,1.13927,1.13913,1.13918
True,33,1.13918,1.13922,1.13911,1.13914
True,10,1.13916,1.13921,1.13906,1.13910
True,32,1.13914,1.13920,1.13902,1.13902
True,68,1.13903,1.13903,1.13879,1.13884
True,32,1.13888,1.13896,1.13882,1.13888
True,46,1.13892,1.13896,1.13880,1.13896
True,46,1.13896,1.13907,1.13896,1.13905
True,52,1.13900,1.13903,1.13886,1.13889
True,64,1.13888,1.13889,1.13870,1.13887
True,20,1.13888,1.13888,1.13877,1.13879
True,32,1.13876,1.13893,1.13876,1.13878
True,48,1.13881,1.13886,1.13879,1.13880
True,53,1.13880,1.13882,1.13861,1.13862
True,14,1.13864,1.13865,1.13856,1.13861
True,28,1.13856,1.13864,1.13852,1.13862
True,46,1.13862,1.13863,1.13854,1.13856
True,48,1.13855,1.13865,1.13853,1.13860
True,23,1.13864,1.13877,1.13863,1.13877
True,16,1.13880,1.13891,1.13875,1.13890
True,19,1.13893,1.13899,1.13890,1.13894
True,58,1.13900,1.13917,1.13898,1.13914
True,72,1.13920,1.13926,1.13912,1.13926
True,68,1.13926,1.13931,1.13920,1.13920
True,42,1.13916,1.13923,1.13904,1.13912
True,53,1.13913,1.13937,1.13912,1.13915
True,72,1.13918,1.13918,1.13898,1.13911
True,53,1.13912,1.13922,1.13904,1.13904
True,68,1.13904,1.13928,1.13904,1.13928
True,43,1.13926,1.13938,1.13918,1.13934
True,66,1.13934,1.13957,1.13934,1.13952
True,23,1.13952,1.13954,1.13946,1.13949
True,76,1.13951,1.13960,1.13918,1.13920
True,62,1.13924,1.13948,1.13916,1.13940
True,51,1.13940,1.13950,1.13930,1.13942
True,191,1.13936,1.13944,1.13917,1.13932
True,473,1.13936,1.14043,1.13936,1.14043
True,302,1.14049,1.14084,1.14022,1.14054
True,73,1.14060,1.14060,1.14036,1.14038
True,122,1.14038,1.14056,1.14012,1.14012
True,181,1.14016,1.14017,1.13990,1.14002
True,107,1.14002,1.14016,1.13974,1.13974
True,120,1.13974,1.13980,1.13933,1.13938
True,66,1.13938,1.13958,1.13938,1.13957
True,90,1.13957,1.13970,1.13944,1.13970
True,130,1.13973,1.13986,1.13956,1.13974
True,77,1.13974,1.14004,1.13974,1.14004
True,87,1.14008,1.14036,1.14002,1.14036
True,109,1.14034,1.14050,1.14028,1.14034
True,98,1.14034,1.14037,1.14010,1.14030
True,74,1.14031,1.14046,1.14023,1.14024
True,83,1.14022,1.14066,1.14012,1.14063
True,100,1.14062,1.14078,1.14061,1.14078
True,81,1.14073,1.14094,1.14070,1.14090
True,45,1.14090,1.14090,1.14076,1.14084
True,80,1.14083,1.14112,1.14078,1.14110
True,70,1.14108,1.14112,1.14090,1.14096
True,54,1.14101,1.14106,1.14092,1.14097
True,93,1.14093,1.14104,1.14074,1.14104
True,37,1.14107,1.14120,1.14102,1.14118
True,63,1.14123,1.14134,1.14112,1.14134
True,86,1.14134,1.14134,1.14102,1.14104
True,35,1.14108,1.14117,1.14103,1.14113
True,42,1.14111,1.14111,1.14088,1.14093
True,69,1.14091,1.14092,1.14080,1.14081
True,56,1.14082,1.14086,1.14072,1.14072
True,83,1.14072,1.14084,1.14065,1.14074
True,59,1.14074,1.14090,1.14072,1.14075
True,75,1.14078,1.14078,1.14044,1.14044
True,38,1.14047,1.14047,1.14029,1.14041
True,26,1.14044,1.14046,1.14030,1.14038
True,62,1.14043,1.14052,1.14028,1.14038
True,62,1.14038,1.14038,1.14018,1.14026
True,85,1.14026,1.14036,1.14004,1.14016
True,69,1.14016,1.14038,1.14008,1.14038
True,32,1.14036,1.14048,1.14036,1.14042
True,19,1.14044,1.14050,1.14043,1.14043
True,25,1.14042,1.14057,1.14042,1.14056
True,70,1.14052,1.14054,1.14023,1.14053
True,50,1.14054,1.14058,1.14036,1.14048
True,19,1.14048,1.14048,1.14040,1.14046
True,51,1.14050,1.14058,1.14038,1.14053
True,84,1.14054,1.14070,1.14045,1.14055
True,42,1.14056,1.14060,1.14044,1.14058
True,65,1.14059,1.14082,1.14052,1.14075
True,62,1.14074,1.14096,1.14074,1.14092
True,48,1.14090,1.14092,1.14086,1.14090
True,98,1.14089,1.14110,1.14068,1.14108
True,60,1.14108,1.14108,1.14097,1.14097
True,45,1.14092,1.14098,1.14084,1.14087
True,32,1.14088,1.14096,1.14078,1.14094
True,56,1.14088,1.14104,1.14078,1.14078
True,86,1.14077,1.14080,1.14065,1.14069
True,41,1.14070,1.14092,1.14070,1.14083
True,68,1.14084,1.14091,1.14077,1.14088
True,41,1.14086,1.14094,1.14086,1.14086
True,51,1.14084,1.14084,1.14058,1.14074
True,85,1.14070,1.14074,1.14046,1.14049
True,103,1.14048,1.14054,1.14038,1.14054
True,67,1.14053,1.14060,1.14044,1.14047
True,55,1.14043,1.14066,1.14042,1.14066
True,30,1.14068,1.14078,1.14064,1.14078
True,22,1.14080,1.14086,1.14078,1.14081
True,84,1.14086,1.14086,1.14047,1.14072
True,31,1.14075,1.14079,1.14069,1.14072
True,35,1.14074,1.14079,1.14058,1.14075
True,84,1.14078,1.14108,1.14077,1.14082
True,46,1.14086,1.14094,1.14084,1.14087
True,65,1.14087,1.14108,1.14080,1.14102
True,103,1.14104,1.14104,1.14058,1.14062
True,46,1.14062,1.14071,1.14048,1.14062
True,75,1.14065,1.14084,1.14064,1.14083
True,82,1.14084,1.14090,1.14074,1.14086
True,51,1.14090,1.14096,1.14080,1.14090
True,45,1.14090,1.14098,1.14082,1.14083
True,58,1.14082,1.14092,1.14074,1.14078
True,58,1.14078,1.14080,1.14066,1.14070
True,52,1.14070,1.14083,1.14064,1.14077
True,34,1.14078,1.14084,1.14072,1.14078
True,19,1.14078,1.14095,1.14076,1.14095
True,64,1.14090,1.14093,1.14062,1.14063
True,35,1.14060,1.14062,1.14041,1.14041
True,55,1.14038,1.14050,1.14036,1.14040
True,75,1.14042,1.14070,1.14042,1.14070
True,57,1.14070,1.14076,1.14054,1.14057
True,55,1.14053,1.14060,1.14038,1.14056
True,72,1.14056,1.14066,1.14042,1.14050
True,49,1.14054,1.14059,1.14044,1.14048
True,39,1.14048,1.14056,1.14043,1.14046
True,26,1.14047,1.14048,1.14042,1.14042
True,108,1.14046,1.14064,1.14042,1.14048
True,124,1.14048,1.14082,1.14048,1.14070
True,79,1.14072,1.14072,1.14039,1.14039
True,158,1.14036,1.14038,1.13987,1.14004
True,142,1.14004,1.14006,1.13969,1.13988
True,78,1.13990,1.14004,1.13978,1.14004
True,106,1.14000,1.14024,1.13998,1.14016
True,98,1.14020,1.14036,1.14015,1.14034
True,78,1.14036,1.14057,1.14026,1.14042
True,91,1.14038,1.14045,1.14029,1.14043
True,54,1.14043,1.14058,1.14038,1.14052
True,111,1.14058,1.14062,1.14021,1.14021
True,132,1.14022,1.14030,1.13996,1.14009
True,59,1.14014,1.14018,1.14000,1.14014
True,109,1.14013,1.14047,1.14013,1.14038
True,65,1.14039,1.14044,1.14006,1.14012
True,150,1.14012,1.14018,1.13978,1.13978
True,122,1.13974,1.13990,1.13948,1.13954
True,114,1.13959,1.13966,1.13947,1.13964
True,59,1.13968,1.13970,1.13949,1.13970
True,75,1.13965,1.13968,1.13958,1.13964
True,58,1.13960,1.13971,1.13950,1.13970
True,95,1.13974,1.13996,1.13957,1.13986
True,91,1.13985,1.13986,1.13958,1.13963
True,91,1.13968,1.13984,1.13960,1.13974
True,115,1.13970,1.13974,1.13951,1.13963
True,113,1.13962,1.13966,1.13948,1.13966
True,116,1.13962,1.13982,1.13956,1.13982
True,132,1.13982,1.13996,1.13976,1.13994
True,52,1.13994,1.13999,1.13980,1.13982
True,36,1.13982,1.13986,1.13971,1.13986
True,63,1.13986,1.13987,1.13970,1.13971
True,87,1.13971,1.13975,1.13964,1.13965
True,71,1.13966,1.13966,1.13950,1.13960
True,26,1.13960,1.13970,1.13960,1.13968
True,77,1.13972,1.13976,1.13960,1.13963
True,46,1.13967,1.13968,1.13950,1.13952
True,42,1.13953,1.13953,1.13940,1.13945
True,32,1.13946,1.13955,1.13941,1.13948
True,21,1.13948,1.13958,1.13948,1.13958
True,54,1.13957,1.13975,1.13951,1.13972
True,40,1.13968,1.13975,1.13960,1.13963
True,25,1.13964,1.13970,1.13962,1.13968
True,16,1.13969,1.13973,1.13963,1.13965
True,81,1.13960,1.13960,1.13934,1.13942
True,46,1.13942,1.13950,1.13942,1.13947
True,38,1.13944,1.13949,1.13944,1.13947
True,70,1.13950,1.13950,1.13929,1.13932
True,108,1.13936,1.13936,1.13917,1.13917
True,70,1.13922,1.13932,1.13922,1.13931
True,54,1.13927,1.13944,1.13922,1.13931
True,27,1.13936,1.13948,1.13934,1.13948
True,46,1.13948,1.13952,1.13944,1.13946
True,24,1.13942,1.13952,1.13942,1.13947
True,17,1.13946,1.13950,1.13946,1.13948
True,37,1.13948,1.13948,1.13933,1.13933
True,21,1.13934,1.13934,1.13912,1.13914
True,45,1.13914,1.13926,1.13902,1.13922
True,37,1.13921,1.13928,1.13918,1.13918
True,37,1.13922,1.13934,1.13922,1.13930
True,40,1.13929,1.13938,1.13929,1.13933
True,32,1.13928,1.13948,1.13926,1.13944
True,40,1.13944,1.13949,1.13941,1.13949
True,51,1.13951,1.13977,1.13951,1.13972
True,31,1.13968,1.13978,1.13967,1.13975
True,20,1.13980,1.13982,1.13976,1.13982
True,13,1.13984,1.13984,1.13972,1.13972
True,33,1.13968,1.13970,1.13954,1.13954
True,20,1.13954,1.13957,1.13944,1.13954
True,32,1.13958,1.13958,1.13948,1.13948
True,30,1.13950,1.13953,1.13935,1.13935
True,34,1.13932,1.13950,1.13932,1.13944
True,44,1.13944,1.13946,1.13933,1.13938
True,26,1.13942,1.13942,1.13938,1.13938
True,14,1.13936,1.13944,1.13936,1.13940
True,24,1.13943,1.13943,1.13930,1.13930
True,28,1.13934,1.13940,1.13928,1.13937
True,24,1.13942,1.13942,1.13931,1.13932
True,53,1.13934,1.13971,1.13934,1.13968
True,31,1.13973,1.13987,1.13968,1.13978
True,26,1.13980,1.13995,1.13980,1.13989
True,134,1.13990,1.14030,1.13990,1.14028
True,144,1.14028,1.14081,1.14022,1.14061
True,95,1.14061,1.14076,1.14044,1.14072
True,64,1.14078,1.14094,1.14076,1.14090
True,102,1.14092,1.14102,1.14076,1.14076
True,105,1.14076,1.14088,1.14056,1.14088
True,62,1.14082,1.14094,1.14072,1.14088
True,79,1.14084,1.14094,1.14065,1.14066
True,49,1.14066,1.14088,1.14066,1.14088
True,31,1.14090,1.14093,1.14084,1.14086
True,27,1.14082,1.14092,1.14081,1.14085
True,78,1.14090,1.14112,1.14090,1.14096
True,48,1.14101,1.14102,1.14088,1.14094
True,57,1.14094,1.14099,1.14084,1.14084
True,46,1.14084,1.14102,1.14084,1.14093
True,37,1.14093,1.14097,1.14084,1.14084
True,37,1.14085,1.14098,1.14084,1.14094
True,28,1.14095,1.14100,1.14088,1.14094
True,13,1.14098,1.14102,1.14096,1.14098
True,18,1.14102,1.14114,1.14102,1.14106
True,78,1.14108,1.14134,1.14103,1.14130
True,102,1.14131,1.14182,1.14127,1.14174
True,71,1.14170,1.14170,1.14152,1.14166
True,47,1.14167,1.14176,1.14160,1.14171
True,53,1.14176,1.14188,1.14173,1.14188
True,110,1.14182,1.14206,1.14178,1.14196
True,50,1.14191,1.14204,1.14180,1.14194
True,66,1.14194,1.14202,1.14182,1.14190
True,53,1.14186,1.14196,1.14186,1.14194
True,42,1.14191,1.14192,1.14160,1.14164
True,44,1.14164,1.14179,1.14158,1.14168
True,38,1.14169,1.14184,1.14163,1.14178
True,127,1.14176,1.14230,1.14172,1.14208
True,112,1.14213,1.14240,1.14202,1.14227
True,74,1.14231,1.14236,1.14222,1.14236
True,120,1.14230,1.14241,1.14220,1.14224
True,37,1.14228,1.14244,1.14216,1.14226
True,28,1.14226,1.14231,1.14213,1.14222
True,50,1.14222,1.14230,1.14218,1.14224
True,33,1.14223,1.14224,1.14210,1.14215
True,10,1.14217,1.14220,1.14208,1.14210
True,36,1.14206,1.14214,1.14202,1.14211
True,27,1.14215,1.14215,1.14194,1.14194
True,26,1.14198,1.14198,1.14191,1.14192
True,61,1.14194,1.14196,1.14181,1.14187
True,28,1.14187,1.14192,1.14180,1.14181
True,37,1.14183,1.14191,1.14180,1.14184
True,34,1.14184,1.14190,1.14177,1.14177
True,41,1.14178,1.14178,1.14162,1.14164
True,37,1.14164,1.14174,1.14158,1.14170
True,31,1.14170,1.14178,1.14159,1.14166
True,42,1.14170,1.14190,1.14170,1.14181
True,14,1.14179,1.14180,1.14166,1.14176
True,23,1.14174,1.14175,1.14164,1.14164
True,12,1.14168,1.14182,1.14165,1.14165
True,17,1.14170,1.14178,1.14170,1.14176
True,50,1.14175,1.14176,1.14166,1.14167
True,7,1.14168,1.14174,1.14168,1.14170
True,30,1.14167,1.14169,1.14155,1.14163
True,14,1.14162,1.14164,1.14160,1.14162
True,63,1.14163,1.14163,1.14118,1.14128
True,52,1.14128,1.14132,1.14118,1.14120
True,122,1.14120,1.14125,1.14102,1.14106
True,84,1.14107,1.14108,1.14094,1.14100
True,42,1.14100,1.14112,1.14096,1.14106
True,18,1.14106,1.14125,1.14106,1.14124
True,28,1.14128,1.14132,1.14119,1.14123
True,28,1.14120,1.14132,1.14120,1.14132
True,19,1.14129,1.14140,1.14129,1.14136
True,36,1.14140,1.14148,1.14126,1.14126
True,23,1.14122,1.14139,1.14122,1.14137
True,24,1.14138,1.14142,1.14116,1.14126
True,15,1.14130,1.14133,1.14127,1.14133
True,30,1.14135,1.14142,1.14134,1.14142
True,11,1.14140,1.14146,1.14137,1.14142
True,31,1.14143,1.14152,1.14139,1.14142
True,42,1.14142,1.14142,1.14126,1.14130
True,35,1.14130,1.14144,1.14124,1.14140
True,29,1.14143,1.14146,1.14140,1.14142
True,12,1.14142,1.14157,1.14142,1.14157
True,40,1.14152,1.14168,1.14152,1.14164
True,39,1.14164,1.14164,1.14142,1.14146
True,7,1.14142,1.14144,1.14138,1.14139
True,15,1.14134,1.14140,1.14133,1.14137
True,6,1.14134,1.14134,1.14130,1.14132
True,14,1.14133,1.14136,1.14129,1.14133
True,9,1.14132,1.14134,1.14128,1.14128
True,16,1.14128,1.14128,1.14118,1.14118
True,40,1.14118,1.14129,1.14118,1.14118
True,29,1.14119,1.14128,1.14114,1.14114
True,8,1.14119,1.14119,1.14112,1.14112
True,14,1.14113,1.14113,1.14096,1.14096
True,42,1.14096,1.14096,1.14080,1.14090
True,28,1.14090,1.14096,1.14088,1.14094
True,21,1.14100,1.14100,1.14094,1.14097
True,23,1.14092,1.14092,1.14078,1.14082
True,138,1.14081,1.14164,1.14081,1.14150
True,124,1.14148,1.14148,1.14118,1.14118
True,81,1.14118,1.14128,1.14108,1.14110
True,46,1.14110,1.14122,1.14110,1.14120
True,28,1.14115,1.14130,1.14115,1.14119
True,70,1.14118,1.14124,1.14109,1.14110
True,78,1.14109,1.14124,1.14098,1.14115
True,16,1.14116,1.14132,1.14115,1.14130
True,25,1.14128,1.14136,1.14128,1.14135
True,19,1.14134,1.14134,1.14118,1.14122
True,57,1.14120,1.14120,1.14094,1.14102
True,38,1.14100,1.14104,1.14069,1.14072
True,21,1.14072,1.14083,1.14066,1.14081
True,42,1.14078,1.14083,1.14070,1.14074
True,42,1.14074,1.14082,1.14060,1.14063
True,39,1.14060,1.14060,1.14046,1.14055
True,28,1.14055,1.14056,1.14050,1.14054
True,15,1.14056,1.14062,1.14052,1.14056
True,23,1.14054,1.14068,1.14050,1.14062
True,15,1.14062,1.14065,1.14060,1.14064
True,13,1.14064,1.14064,1.14060,1.14063
True,12,1.14062,1.14063,1.14056,1.14057
True,21,1.14058,1.14062,1.14049,1.14052
True,22,1.14054,1.14056,1.14048,1.14048
True,49,1.14054,1.14070,1.14054,1.14070
True,17,1.14069,1.14074,1.14058,1.14058
True,26,1.14056,1.14069,1.14051,1.14058
True,25,1.14060,1.14072,1.14060,1.14072
True,42,1.14072,1.14089,1.14070,1.14086
True,48,1.14088,1.14098,1.14070,1.14074
True,16,1.14079,1.14086,1.14071,1.14074
True,22,1.14072,1.14076,1.14057,1.14074
True,10,1.14078,1.14078,1.14072,1.14072
True,29,1.14070,1.14086,1.14066,1.14086
True,51,1.14086,1.14090,1.14075,1.14083
True,22,1.14082,1.14092,1.14082,1.14090
True,22,1.14090,1.14090,1.14078,1.14078
True,24,1.14079,1.14080,1.14069,1.14074
True,14,1.14079,1.14085,1.14076,1.14085
True,28,1.14084,1.14092,1.14080,1.14090
True,13,1.14090,1.14092,1.14077,1.14077
True,12,1.14074,1.14076,1.14064,1.14073
True,29,1.14074,1.14074,1.14064,1.14064
True,30,1.14068,1.14074,1.14068,1.14069
True,9,1.14072,1.14076,1.14069,1.14076
True,8,1.14075,1.14080,1.14075,1.14080
True,10,1.14078,1.14078,1.14073,1.14078
True,9,1.14078,1.14079,1.14074,1.14074
True,9,1.14070,1.14080,1.14070,1.14080
True,15,1.14083,1.14093,1.14081,1.14093
True,26,1.14096,1.14098,1.14080,1.14089
True,11,1.14088,1.14088,1.14075,1.14080
True,4,1.14078,1.14082,1.14078,1.14082
True,14,1.14086,1.14090,1.14080,1.14090
True,35,1.14094,1.14106,1.14094,1.14096
True,9,1.14096,1.14096,1.14086,1.14086
True,12,1.14083,1.14086,1.14080,1.14086
True,15,1.14086,1.14087,1.14082,1.14086
True,18,1.14080,1.14088,1.14080,1.14086
True,14,1.14085,1.14091,1.14084,1.14090
True,9,1.14092,1.14092,1.14080,1.14084
True,10,1.14082,1.14089,1.14080,1.14088
True,3,1.14091,1.14091,1.14087,1.14087
True,9,1.14090,1.14094,1.14086,1.14094
True,15,1.14092,1.14092,1.14088,1.14090
True,8,1.14092,1.14095,1.14090,1.14093
True,36,1.14093,1.14108,1.14093,1.14108
True,33,1.14110,1.14126,1.14109,1.14126
True,24,1.14124,1.14125,1.14115,1.14115
True,4,1.14115,1.14123,1.14115,1.14123
True,14,1.14128,1.14128,1.14120,1.14125
True,9,1.14126,1.14138,1.14125,1.14133
True,16,1.14130,1.14136,1.14130,1.14136
True,15,1.14136,1.14136,1.14117,1.14117
True,11,1.14118,1.14124,1.14118,1.14120
True,14,1.14120,1.14122,1.14115,1.14120
True,10,1.14121,1.14124,1.14114,1.14118
True,17,1.14116,1.14116,1.14109,1.14110
True,25,1.14114,1.14114,1.14107,1.14107
True,4,1.14104,1.14104,1.14100,1.14103
True,19,1.14098,1.14098,1.14080,1.14086
True,24,1.14086,1.14088,1.14081,1.14088
True,30,1.14090,1.14096,1.14088,1.14094
True,13,1.14094,1.14103,1.14094,1.14098
True,29,1.14092,1.14108,1.14092,1.14094
True,21,1.14094,1.14098,1.14094,1.14098
True,18,1.14097,1.14100,1.14094,1.14094
True,25,1.14094,1.14105,1.14094,1.14105
True,45,1.14105,1.14118,1.14104,1.14116
True,19,1.14116,1.14116,1.14098,1.14098
True,3,1.14102,1.14103,1.14099,1.14099
True,21,1.14101,1.14104,1.14096,1.14096
True,14,1.14096,1.14098,1.14090,1.14096
True,9,1.14096,1.14096,1.14094,1.14094
True,6,1.14094,1.14094,1.14085,1.14088
True,8,1.14084,1.14084,1.14077,1.14082
True,15,1.14078,1.14084,1.14076,1.14084
True,1,1.14082,1.14082,1.14082,1.14082
True,5,1.14077,1.14077,1.14066,1.14066
True,6,1.14072,1.14074,1.14068,1.14068
True,2,1.14070,1.14075,1.14070,1.14075
True,3,1.14074,1.14074,1.14074,1.14074
True,17,1.14079,1.14080,1.14073,1.14073
True,14,1.14074,1.14084,1.14074,1.14076
True,14,1.14077,1.14084,1.14076,1.14080
True,2,1.14080,1.14080,1.14080,1.14080
True,1,1.14077,1.14077,1.14077,1.14077
True,5,1.14079,1.14079,1.14075,1.14078
True,20,1.14078,1.14079,1.14073,1.14078
True,5,1.14078,1.14078,1.14078,1.14078
True,3,1.14078,1.14078,1.14078,1.14078
True,1,1.14080,1.14080,1.14080,1.14080
True,2,1.14078,1.14082,1.14078,1.14082
True,17,1.14083,1.14084,1.14079,1.14080
True,5,1.14079,1.14082,1.14077,1.14082
True,1,1.14084,1.14084,1.14084,1.14084
True,18,1.14082,1.14084,1.14079,1.14084
True,4,1.14084,1.14086,1.14084,1.14086
True,6,1.14089,1.14089,1.14084,1.14086
True,9,1.14086,1.14088,1.14086,1.14088
True,5,1.14088,1.14088,1.14088,1.14088
True,4,1.14088,1.14094,1.14088,1.14090
True,9,1.14090,1.14094,1.14088,1.14094
True,1,1.14091,1.14091,1.14091,1.14091
True,2,1.14094,1.14096,1.14094,1.14096
True,1,1.14092,1.14092,1.14092,1.14092
True,9,1.14092,1.14096,1.14092,1.14096
True,12,1.14096,1.14100,1.14096,1.14100
True,12,1.14099,1.14101,1.14097,1.14099
True,13,1.14094,1.14098,1.14092,1.14096
True,3,1.14098,1.14102,1.14098,1.14102
True,12,1.14103,1.14104,1.14094,1.14100
True,1,1.14096,1.14096,1.14096,1.14096
True,28,1.14096,1.14096,1.14086,1.14092
True,15,1.14091,1.14092,1.14082,1.14082
True,10,1.14076,1.14086,1.14076,1.14086
True,12,1.14089,1.14089,1.14082,1.14082
True,11,1.14082,1.14095,1.14082,1.14087
True,8,1.14083,1.14090,1.14083,1.14090
True,10,1.14088,1.14089,1.14083,1.14084
True,7,1.14083,1.14088,1.14083,1.14088
True,17,1.14090,1.14092,1.14085,1.14092
True,62,1.14086,1.14092,1.14084,1.14086
True,35,1.14087,1.14092,1.14085,1.14088
True,4,1.14078,1.14086,1.14078,1.14086
True,35,1.14086,1.14100,1.14053,1.14066
True,7,1.14082,1.14082,1.14058,1.14062
True,23,1.14071,1.14071,1.14046,1.14064
True,30,1.14074,1.14106,1.14070,1.14081
True,12,1.14080,1.14086,1.14078,1.14086
True,3,1.14092,1.14092,1.14088,1.14090
True,1,1.14082,1.14082,1.14082,1.14082
True,33,1.14083,1.14113,1.14074,1.14113
True,31,1.14117,1.14147,1.14108,1.14110
True,24,1.14110,1.14119,1.14110,1.14110
True,12,1.14110,1.14125,1.14110,1.14112
True,29,1.14110,1.14110,1.14078,1.14086
True,41,1.14077,1.14078,1.14016,1.14060
True,48,1.14075,1.14080,1.14036,1.14038
True,17,1.14050,1.14067,1.14049,1.14050
True,25,1.14066,1.14096,1.14062,1.14094
True,29,1.14094,1.14100,1.14056,1.14086
True,47,1.14091,1.14124,1.14065,1.14106
True,53,1.14110,1.14126,1.14079,1.14110
True,32,1.14110,1.14114,1.14079,1.14084
True,5,1.14084,1.14092,1.14084,1.14090
True,31,1.14080,1.14080,1.14036,1.14066
True,13,1.14068,1.14070,1.14034,1.14035
True,9,1.14034,1.14048,1.14032,1.14043
True,65,1.14054,1.14068,1.14050,1.14050
True,15,1.14054,1.14060,1.14050,1.14050
True,89,1.14051,1.14072,1.14050,1.14070
True,9,1.14070,1.14070,1.14067,1.14068
True,10,1.14067,1.14067,1.14039,1.14040
True,21,1.14049,1.14061,1.14049,1.14058
True,11,1.14058,1.14060,1.14050,1.14056
True,1,1.14060,1.14060,1.14060,1.14060
True,16,1.14062,1.14073,1.14060,1.14073
True,1,1.14071,1.14071,1.14071,1.14071
True,6,1.14068,1.14068,1.14052,1.14052
True,1,1.14055,1.14055,1.14055,1.14055
True,1,1.14051,1.14051,1.14051,1.14051
True,32,1.14047,1.14047,1.14019,1.14032
True,19,1.14018,1.14043,1.14013,1.14023
True,17,1.14020,1.14033,1.14016,1.14023
True,27,1.14036,1.14036,1.14020,1.14034
True,22,1.14033,1.14045,1.14032,1.14038
True,30,1.14030,1.14040,1.14024,1.14040
True,12,1.14038,1.14038,1.14012,1.14020
True,27,1.14021,1.14042,1.14012,1.14037
True,33,1.14037,1.14054,1.14034,1.14034
True,8,1.14024,1.14029,1.14023,1.14029
True,28,1.14026,1.14026,1.14010,1.14022
True,2,1.14022,1.14032,1.14022,1.14032
True,5,1.14036,1.14054,1.14036,1.14054
True,90,1.14038,1.14044,1.14020,1.14040
True,84,1.14040,1.14061,1.14036,1.14057
True,141,1.14058,1.14078,1.14054,1.14069
True,44,1.14068,1.14072,1.14062,1.14070
True,25,1.14068,1.14069,1.14059,1.14066
True,2,1.14062,1.14064,1.14062,1.14064
True,3,1.14062,1.14062,1.14058,1.14058
True,4,1.14064,1.14065,1.14061,1.14064
True,9,1.14066,1.14069,1.14060,1.14069
True,13,1.14072,1.14072,1.14061,1.14064
True,10,1.14069,1.14071,1.14068,1.14068
True,22,1.14070,1.14070,1.14060,1.14060
True,2,1.14062,1.14062,1.14062,1.14062
True,55,1.14056,1.14067,1.14044,1.14047
True,7,1.14046,1.14049,1.14042,1.14042
True,1,1.14038,1.14038,1.14038,1.14038
True,18,1.14041,1.14041,1.14035,1.14039
True,5,1.14040,1.14046,1.14040,1.14040
True,5,1.14040,1.14047,1.14040,1.14047
True,2,1.14050,1.14052,1.14050,1.14052
True,3,1.14046,1.14046,1.14045,1.14045
True,3,1.14047,1.14047,1.14045,1.14045
True,5,1.14049,1.14056,1.14049,1.14056
True,3,1.14054,1.14058,1.14054,1.14058
True,7,1.14056,1.14056,1.14047,1.14048
True,1,1.14047,1.14047,1.14047,1.14047
True,27,1.14042,1.14042,1.14019,1.14038
True,1,1.14036,1.14036,1.14036,1.14036
True,10,1.14034,1.14038,1.14034,1.14036
True,4,1.14038,1.14038,1.14034,1.14034
True,2,1.14036,1.14038,1.14036,1.14038
True,30,1.14032,1.14042,1.14031,1.14042
True,7,1.14041,1.14050,1.14040,1.14050
True,3,1.14056,1.14056,1.14054,1.14054
True,12,1.14060,1.14062,1.14050,1.14050
True,2,1.14052,1.14054,1.14052,1.14054
True,8,1.14048,1.14056,1.14048,1.14054
True,18,1.14052,1.14054,1.14045,1.14054
True,4,1.14048,1.14048,1.14046,1.14046
True,1,1.14044,1.14044,1.14044,1.14044
True,37,1.14050,1.14050,1.14036,1.14046
True,2,1.14048,1.14050,1.14048,1.14050
True,14,1.14046,1.14054,1.14046,1.14054
True,3,1.14060,1.14060,1.14058,1.14058
True,1,1.14054,1.14054,1.14054,1.14054
True,2,1.14052,1.14058,1.14052,1.14058
True,9,1.14057,1.14057,1.14050,1.14050
True,8,1.14051,1.14051,1.14047,1.14048
True,15,1.14045,1.14045,1.14041,1.14042
True,4,1.14042,1.14042,1.14034,1.14034
True,1,1.14037,1.14037,1.14037,1.14037
True,2,1.14040,1.14042,1.14040,1.14042
True,9,1.14036,1.14041,1.14036,1.14041
True,7,1.14041,1.14050,1.14041,1.14046
True,12,1.14046,1.14047,1.14040,1.14040
True,12,1.14042,1.14042,1.14037,1.14042
True,3,1.14038,1.14041,1.14036,1.14036
True,6,1.14034,1.14039,1.14034,1.14039
True,2,1.14037,1.14037,1.14034,1.14034
True,5,1.14032,1.14034,1.14028,1.14033
True,1,1.14031,1.14031,1.14031,1.14031
True,12,1.14026,1.14028,1.14024,1.14028
True,61,1.14030,1.14041,1.14027,1.14038
True,9,1.14036,1.14036,1.14032,1.14032
True,6,1.14032,1.14034,1.14032,1.14033
True,10,1.14038,1.14040,1.14032,1.14036
True,13,1.14035,1.14037,1.14034,1.14036
True,15,1.14036,1.14044,1.14036,1.14044
True,18,1.14043,1.14050,1.14042,1.14043
True,4,1.14044,1.14048,1.14044,1.14048
True,7,1.14054,1.14054,1.14047,1.14047
True,6,1.14052,1.14052,1.14049,1.14049
True,2,1.14046,1.14050,1.14046,1.14050
True,17,1.14048,1.14048,1.14036,1.14036
True,14,1.14034,1.14034,1.14028,1.14028
True,5,1.14026,1.14028,1.14024,1.14024
True,7,1.14023,1.14026,1.14023,1.14026
True,3,1.14029,1.14034,1.14029,1.14034
True,2,1.14036,1.14040,1.14036,1.14040
True,6,1.14034,1.14039,1.14034,1.14039
True,11,1.14036,1.14042,1.14033,1.14034
True,1,1.14035,1.14035,1.14035,1.14035
True,16,1.14030,1.14036,1.14027,1.14035
True,19,1.14036,1.14036,1.14024,1.14036
True,15,1.14035,1.14035,1.14026,1.14030
True,1,1.14028,1.14028,1.14028,1.14028
True,11,1.14033,1.14033,1.14024,1.14026
True,31,1.14020,1.14038,1.14020,1.14036
True,62,1.14036,1.14057,1.14034,1.14048
True,17,1.14042,1.14046,1.14034,1.14036
True,24,1.14036,1.14050,1.14036,1.14050
True,2,1.14048,1.14048,1.14044,1.14044
True,18,1.14049,1.14061,1.14049,1.14052
True,20,1.14046,1.14050,1.14038,1.14038
True,11,1.14036,1.14042,1.14034,1.14038
True,25,1.14038,1.14042,1.14027,1.14032
True,36,1.14033,1.14033,1.14020,1.14022
True,30,1.14023,1.14023,1.14008,1.14018
True,24,1.14024,1.14031,1.14024,1.14027
True,12,1.14022,1.14030,1.14022,1.14030
True,9,1.14030,1.14030,1.14018,1.14018
True,22,1.14021,1.14034,1.14018,1.14034
True,25,1.14036,1.14044,1.14035,1.14041
True,27,1.14036,1.14037,1.14031,1.14036
True,14,1.14038,1.14042,1.14035,1.14042
True,34,1.14042,1.14051,1.14042,1.14050
True,10,1.14045,1.14048,1.14043,1.14048
True,13,1.14042,1.14046,1.14042,1.14042
True,21,1.14039,1.14050,1.14034,1.14045
True,35,1.14044,1.14044,1.14022,1.14022
True,7,1.14022,1.14023,1.14018,1.14018
True,14,1.14024,1.14025,1.14019,1.14021
True,25,1.14022,1.14025,1.14020,1.14025
True,24,1.14027,1.14054,1.14026,1.14026
True,8,1.14024,1.14024,1.14017,1.14020
True,13,1.14024,1.14032,1.14020,1.14028
True,15,1.14031,1.14035,1.14026,1.14029
True,8,1.14024,1.14027,1.14020,1.14027
True,54,1.14028,1.14028,1.14018,1.14018
True,37,1.14018,1.14019,1.14010,1.14010
True,49,1.14011,1.14011,1.13994,1.14002
True,39,1.14008,1.14010,1.13996,1.14006
True,14,1.14006,1.14006,1.14001,1.14006
True,19,1.14006,1.14023,1.14006,1.14019
True,9,1.14015,1.14023,1.14015,1.14018
True,1,1.14020,1.14020,1.14020,1.14020
True,1,1.14015,1.14015,1.14015,1.14015
True,1,1.14010,1.14010,1.14010,1.14010
True,3,1.14012,1.14019,1.14012,1.14019
True,5,1.14014,1.14016,1.14014,1.14016
True,4,1.14016,1.14018,1.14014,1.14014
True,12,1.14009,1.14009,1.14000,1.14006
True,14,1.14006,1.14024,1.14006,1.14024
True,1,1.14030,1.14030,1.14030,1.14030
True,12,1.14027,1.14027,1.14012,1.14016
True,55,1.14018,1.14039,1.14014,1.14036
True,59,1.14031,1.14034,1.14002,1.14002
True,42,1.14004,1.14011,1.13998,1.14010
True,41,1.14011,1.14020,1.14007,1.14012
True,5,1.14011,1.14016,1.14011,1.14012
True,12,1.14012,1.14012,1.14011,1.14012
True,27,1.14006,1.14009,1.13988,1.13996
True,18,1.13995,1.13998,1.13990,1.13992
True,19,1.13988,1.13992,1.13986,1.13992
True,15,1.13988,1.13991,1.13987,1.13991
True,3,1.13992,1.13992,1.13991,1.13991
True,1,1.13989,1.13989,1.13989,1.13989
True,5,1.13991,1.13991,1.13984,1.13990
True,44,1.13996,1.13996,1.13968,1.13972
True,34,1.13970,1.13974,1.13956,1.13962
True,14,1.13961,1.13976,1.13961,1.13973
True,2,1.13970,1.13970,1.13968,1.13968
True,15,1.13966,1.13966,1.13960,1.13966
True,21,1.13966,1.13966,1.13957,1.13960
True,4,1.13962,1.13968,1.13962,1.13963
True,25,1.13964,1.13986,1.13964,1.13985
True,20,1.13990,1.13998,1.13980,1.13994
True,47,1.13993,1.14003,1.13992,1.13998
True,11,1.13998,1.14003,1.13996,1.13996
True,36,1.13990,1.13998,1.13982,1.13983
True,3,1.13980,1.13980,1.13980,1.13980
True,25,1.13980,1.13995,1.13975,1.13990
True,32,1.13990,1.14000,1.13986,1.13988
True,36,1.13988,1.13996,1.13988,1.13996
True,22,1.13995,1.14004,1.13991,1.13991
True,10,1.13993,1.13996,1.13992,1.13996
True,10,1.13998,1.14002,1.13997,1.13999
True,7,1.14004,1.14008,1.14004,1.14008
True,14,1.14006,1.14008,1.14002,1.14006
True,19,1.14005,1.14015,1.14004,1.14014
True,19,1.14015,1.14015,1.14007,1.14007
True,52,1.14006,1.14007,1.13969,1.13970
True,43,1.13968,1.13971,1.13961,1.13961
True,19,1.13962,1.13974,1.13957,1.13966
True,7,1.13967,1.13968,1.13966,1.13966
True,22,1.13966,1.13972,1.13964,1.13971
True,12,1.13972,1.13977,1.13972,1.13976
True,35,1.13971,1.13971,1.13952,1.13952
True,22,1.13952,1.13960,1.13952,1.13960
True,17,1.13957,1.13958,1.13943,1.13943
True,7,1.13947,1.13956,1.13947,1.13950
True,13,1.13948,1.13948,1.13938,1.13944
True,40,1.13939,1.13953,1.13938,1.13952
True,33,1.13953,1.13959,1.13950,1.13950
True,1,1.13954,1.13954,1.13954,1.13954
True,12,1.13949,1.13957,1.13949,1.13957
True,5,1.13953,1.13956,1.13952,1.13956
True,19,1.13958,1.13962,1.13956,1.13956
True,11,1.13956,1.13964,1.13952,1.13952
True,8,1.13954,1.13959,1.13944,1.13944
True,30,1.13944,1.13951,1.13935,1.13935
True,18,1.13936,1.13940,1.13932,1.13934
True,3,1.13936,1.13936,1.13934,1.13936
True,26,1.13931,1.13932,1.13921,1.13924
True,48,1.13926,1.13934,1.13916,1.13922
True,7,1.13928,1.13928,1.13924,1.13928
True,8,1.13924,1.13924,1.13918,1.13924
True,10,1.13918,1.13934,1.13918,1.13932
True,5,1.13936,1.13938,1.13936,1.13936
True,5,1.13932,1.13937,1.13928,1.13928
True,6,1.13926,1.13935,1.13924,1.13935
True,15,1.13938,1.13951,1.13938,1.13944
True,24,1.13943,1.13951,1.13940,1.13948
True,14,1.13947,1.13948,1.13944,1.13944
True,1,1.13943,1.13943,1.13943,1.13943
True,6,1.13947,1.13953,1.13947,1.13952
True,12,1.13947,1.13961,1.13947,1.13957
True,9,1.13962,1.13964,1.13958,1.13958
True,10,1.13958,1.13969,1.13957,1.13968
True,11,1.13968,1.13968,1.13960,1.13961
True,22,1.13962,1.13962,1.13954,1.13957
True,5,1.13956,1.13960,1.13952,1.13960
True,10,1.13964,1.13964,1.13960,1.13960
True,5,1.13962,1.13966,1.13960,1.13966
True,8,1.13970,1.13976,1.13961,1.13962
True,8,1.13962,1.13965,1.13957,1.13965
True,22,1.13961,1.13961,1.13956,1.13956
True,3,1.13956,1.13959,1.13956,1.13959
True,26,1.13964,1.13964,1.13956,1.13962
True,8,1.13965,1.13971,1.13965,1.13970
True,12,1.13976,1.13984,1.13976,1.13980
True,10,1.13984,1.13986,1.13984,1.13984
True,7,1.13984,1.13984,1.13978,1.13982
True,2,1.13982,1.13982,1.13980,1.13980
True,13,1.13984,1.13985,1.13982,1.13982
True,7,1.13979,1.13979,1.13972,1.13972
True,26,1.13966,1.13974,1.13966,1.13970
True,13,1.13974,1.13982,1.13972,1.13980
True,18,1.13976,1.13991,1.13976,1.13987
True,18,1.13986,1.13986,1.13977,1.13978
True,16,1.13978,1.13978,1.13975,1.13975
True,5,1.13976,1.13976,1.13975,1.13976
True,3,1.13980,1.13983,1.13980,1.13983
True,2,1.13978,1.13978,1.13974,1.13974
True,11,1.13974,1.13981,1.13974,1.13975
True,6,1.13971,1.13971,1.13966,1.13970
True,1,1.13968,1.13968,1.13968,1.13968
True,4,1.13974,1.13980,1.13974,1.13980
True,11,1.13980,1.13986,1.13978,1.13982
True,28,1.13976,1.13976,1.13966,1.13968
True,32,1.13968,1.13969,1.13963,1.13964
True,8,1.13964,1.13964,1.13958,1.13962
True,8,1.13968,1.13972,1.13967,1.13969
True,15,1.13974,1.13974,1.13969,1.13973
True,4,1.13972,1.13973,1.13970,1.13970
True,2,1.13974,1.13980,1.13974,1.13980
True,4,1.13978,1.13981,1.13977,1.13978
True,4,1.13976,1.13980,1.13976,1.13978
True,1,1.13976,1.13976,1.13976,1.13976
True,5,1.13974,1.13974,1.13966,1.13970
True,12,1.13971,1.13971,1.13962,1.13965
True,12,1.13961,1.13964,1.13959,1.13964
True,20,1.13964,1.13964,1.13957,1.13962
True,6,1.13962,1.13963,1.13962,1.13962
True,14,1.13966,1.13974,1.13966,1.13968
True,11,1.13964,1.13968,1.13954,1.13954
True,18,1.13952,1.13952,1.13945,1.13952
True,11,1.13951,1.13956,1.13950,1.13954
True,5,1.13958,1.13967,1.13958,1.13967
True,6,1.13971,1.13972,1.13968,1.13968
True,1,1.13970,1.13970,1.13970,1.13970
True,1,1.13968,1.13968,1.13968,1.13968
True,17,1.13966,1.13971,1.13966,1.13970
True,5,1.13970,1.13970,1.13970,1.13970
True,2,1.13971,1.13971,1.13970,1.13970
True,10,1.13968,1.13970,1.13968,1.13968
True,16,1.13968,1.13968,1.13958,1.13962
True,11,1.13961,1.13962,1.13958,1.13958
True,2,1.13960,1.13960,1.13959,1.13959
True,5,1.13956,1.13962,1.13956,1.13960
True,7,1.13960,1.13961,1.13960,1.13960
True,13,1.13966,1.13966,1.13957,1.13958
True,3,1.13957,1.13958,1.13957,1.13958
True,2,1.13957,1.13959,1.13957,1.13959
True,6,1.13962,1.13965,1.13958,1.13958
True,17,1.13954,1.13962,1.13954,1.13957
True,8,1.13956,1.13962,1.13956,1.13962
True,17,1.13961,1.13963,1.13958,1.13958
True,2,1.13960,1.13960,1.13956,1.13956
True,6,1.13956,1.13956,1.13955,1.13955
True,7,1.13956,1.13956,1.13954,1.13954
True,6,1.13952,1.13955,1.13952,1.13955
True,13,1.13956,1.13959,1.13955,1.13959
True,20,1.13962,1.13964,1.13956,1.13963
True,7,1.13962,1.13966,1.13962,1.13966
True,6,1.13966,1.13967,1.13966,1.13966
True,4,1.13966,1.13967,1.13966,1.13966
True,17,1.13962,1.13966,1.13962,1.13966
True,1,1.13968,1.13968,1.13968,1.13968
True,19,1.13973,1.13982,1.13970,1.13978
True,27,1.13978,1.13989,1.13978,1.13988
True,14,1.13988,1.13999,1.13988,1.13998
True,11,1.13997,1.14001,1.13996,1.14001
True,5,1.14004,1.14010,1.14004,1.14010
True,4,1.14014,1.14014,1.14008,1.14013
True,8,1.14013,1.14015,1.14010,1.14014
True,34,1.14013,1.14016,1.14008,1.14016
True,16,1.14015,1.14020,1.14015,1.14017
True,4,1.14016,1.14016,1.14016,1.14016
True,7,1.14012,1.14014,1.14012,1.14012
True,18,1.14016,1.14016,1.14005,1.14008
True,2,1.14008,1.14008,1.14005,1.14005
True,19,1.14000,1.14014,1.14000,1.14012
True,26,1.14014,1.14019,1.14009,1.14010
True,20,1.14011,1.14019,1.14011,1.14016
True,20,1.14017,1.14020,1.14014,1.14018
True,23,1.14022,1.14022,1.14014,1.14015
True,20,1.14010,1.14017,1.14004,1.14004
True,18,1.14000,1.14000,1.13988,1.13996
True,39,1.13994,1.14000,1.13992,1.13998
True,16,1.14002,1.14002,1.13994,1.13998
True,1,1.14000,1.14000,1.14000,1.14000
True,2,1.13997,1.13997,1.13994,1.13994
True,13,1.13996,1.13996,1.13986,1.13986
True,9,1.13986,1.13990,1.13986,1.13990
True,8,1.13990,1.13991,1.13990,1.13990
True,7,1.13991,1.13991,1.13986,1.13987
True,4,1.13988,1.13988,1.13986,1.13988
True,12,1.13982,1.13994,1.13982,1.13994
True,6,1.13994,1.13998,1.13994,1.13997
True,18,1.13998,1.14003,1.13997,1.14000
True,4,1.14002,1.14006,1.14000,1.14005
True,4,1.14006,1.14006,1.14002,1.14002
True,16,1.14002,1.14003,1.13995,1.13996
True,7,1.13997,1.14000,1.13996,1.14000
True,10,1.14001,1.14008,1.14001,1.14006
True,11,1.14009,1.14014,1.14008,1.14014
True,12,1.14019,1.14020,1.14014,1.14020
True,4,1.14014,1.14020,1.14014,1.14020
True,14,1.14024,1.14028,1.14024,1.14028
True,15,1.14026,1.14026,1.14017,1.14017
True,18,1.14018,1.14018,1.14010,1.14013
True,11,1.14014,1.14019,1.14014,1.14016
True,5,1.14017,1.14017,1.14010,1.14010
True,9,1.14005,1.14010,1.14005,1.14006
True,3,1.14006,1.14008,1.14006,1.14008
True,2,1.14004,1.14004,1.14000,1.14000
True,4,1.14002,1.14008,1.14002,1.14008
True,1,1.14012,1.14012,1.14012,1.14012
True,5,1.14018,1.14024,1.14018,1.14024
True,6,1.14026,1.14029,1.14018,1.14018
True,16,1.14016,1.14022,1.14016,1.14022
True,10,1.14022,1.14025,1.14020,1.14022
True,12,1.14022,1.14022,1.14019,1.14019
True,1,1.14019,1.14019,1.14019,1.14019
True,278,1.14015,1.14106,1.14015,1.14084
True,205,1.14090,1.14113,1.14082,1.14104
True,119,1.14104,1.14140,1.14090,1.14140
True,303,1.14142,1.14179,1.14118,1.14148
True,242,1.14148,1.14176,1.14144,1.14150
True,89,1.14150,1.14158,1.14138,1.14150
True,143,1.14152,1.14154,1.14117,1.14131
True,100,1.14132,1.14144,1.14108,1.14114
True,70,1.14110,1.14118,1.14102,1.14110
True,93,1.14114,1.14141,1.14114,1.14122
True,86,1.14126,1.14132,1.14120,1.14122
True,72,1.14128,1.14139,1.14098,1.14098
True,52,1.14100,1.14106,1.14096,1.14101
True,101,1.14102,1.14130,1.14101,1.14118
True,78,1.14117,1.14118,1.14087,1.14090
True,90,1.14092,1.14109,1.14087,1.14106
True,84,1.14108,1.14152,1.14108,1.14142
True,44,1.14142,1.14143,1.14126,1.14128
True,26,1.14131,1.14140,1.14126,1.14131
True,27,1.14127,1.14133,1.14114,1.14119
True,63,1.14120,1.14120,1.14094,1.14096
True,46,1.14091,1.14101,1.14082,1.14086
True,51,1.14083,1.14100,1.14076,1.14096
True,21,1.14098,1.14106,1.14096,1.14106
True,49,1.14105,1.14123,1.14104,1.14112
True,51,1.14110,1.14110,1.14085,1.14096
True,36,1.14100,1.14107,1.14092,1.14102
True,65,1.14097,1.14112,1.14092,1.14098
True,53,1.14097,1.14106,1.14088,1.14098
True,21,1.14098,1.14114,1.14088,1.14103
True,55,1.14106,1.14108,1.14093,1.14100
True,55,1.14100,1.14116,1.14084,1.14116
True,41,1.14120,1.14138,1.14120,1.14125
True,28,1.14126,1.14145,1.14122,1.14140
True,52,1.14138,1.14143,1.14131,1.14139
True,40,1.14143,1.14161,1.14140,1.14149
True,39,1.14147,1.14159,1.14145,1.14154
True,37,1.14153,1.14165,1.14153,1.14162
True,57,1.14162,1.14164,1.14136,1.14138
True,41,1.14138,1.14138,1.14118,1.14121
True,79,1.14122,1.14122,1.14098,1.14108
True,49,1.14109,1.14124,1.14109,1.14124
True,47,1.14125,1.14156,1.14125,1.14140
True,32,1.14143,1.14144,1.14134,1.14138
True,35,1.14134,1.14134,1.14120,1.14121
True,64,1.14126,1.14140,1.14118,1.14134
True,37,1.14134,1.14152,1.14130,1.14146
True,23,1.14146,1.14146,1.14132,1.14135
True,31,1.14138,1.14144,1.14130,1.14130
True,38,1.14132,1.14137,1.14124,1.14128
True,34,1.14128,1.14133,1.14114,1.14123
True,22,1.14123,1.14128,1.14123,1.14128
True,29,1.14127,1.14136,1.14122,1.14125
True,12,1.14127,1.14134,1.14126,1.14132
True,22,1.14132,1.14135,1.14124,1.14135
True,40,1.14135,1.14148,1.14134,1.14144
True,73,1.14144,1.14192,1.14144,1.14192
True,276,1.14190,1.14263,1.14187,1.14248
True,95,1.14254,1.14263,1.14238,1.14244
True,56,1.14245,1.14245,1.14224,1.14234
True,29,1.14232,1.14233,1.14215,1.14224
True,28,1.14222,1.14226,1.14207,1.14221
True,69,1.14219,1.14232,1.14204,1.14232
True,58,1.14235,1.14246,1.14229,1.14229
True,88,1.14234,1.14265,1.14234,1.14259
True,88,1.14254,1.14284,1.14254,1.14261
True,63,1.14258,1.14270,1.14253,1.14269
True,22,1.14264,1.14270,1.14262,1.14265
True,57,1.14264,1.14265,1.14255,1.14258
True,35,1.14258,1.14266,1.14254,1.14265
True,12,1.14260,1.14262,1.14247,1.14250
True,4,1.14252,1.14260,1.14252,1.14260
True,1,1.14254,1.14254,1.14254,1.14254
True,17,1.14254,1.14258,1.14246,1.14246
True,6,1.14240,1.14242,1.14240,1.14242
True,18,1.14242,1.14256,1.14238,1.14248
True,17,1.14248,1.14259,1.14248,1.14258
True,27,1.14256,1.14258,1.14250,1.14253
True,33,1.14252,1.14276,1.14252,1.14272
True,23,1.14273,1.14273,1.14263,1.14266
True,11,1.14268,1.14276,1.14268,1.14272
True,11,1.14270,1.14272,1.14267,1.14268
True,17,1.14272,1.14273,1.14270,1.14270
True,16,1.14267,1.14267,1.14258,1.14259
True,35,1.14260,1.14260,1.14238,1.14238
True,41,1.14238,1.14240,1.14226,1.14235
True,42,1.14234,1.14235,1.14222,1.14226
True,56,1.14228,1.14240,1.14222,1.14240
True,11,1.14236,1.14238,1.14235,1.14235
True,31,1.14232,1.14243,1.14232,1.14238
True,9,1.14240,1.14246,1.14240,1.14244
True,27,1.14245,1.14258,1.14245,1.14249
True,40,1.14244,1.14248,1.14238,1.14240
True,43,1.14239,1.14248,1.14239,1.14240
True,24,1.14245,1.14246,1.14238,1.14238
True,42,1.14242,1.14244,1.14238,1.14240
True,41,1.14240,1.14240,1.14228,1.14230
True,34,1.14232,1.14235,1.14223,1.14230
True,14,1.14226,1.14233,1.14226,1.14230
True,12,1.14231,1.14233,1.14228,1.14233
True,26,1.14232,1.14234,1.14230,1.14231
True,37,1.14230,1.14232,1.14224,1.14228
True,34,1.14228,1.14229,1.14210,1.14210
True,45,1.14216,1.14216,1.14198,1.14204
True,45,1.14204,1.14206,1.14193,1.14194
True,24,1.14190,1.14203,1.14190,1.14201
True,36,1.14203,1.14216,1.14198,1.14198
True,21,1.14197,1.14198,1.14191,1.14191
True,30,1.14191,1.14191,1.14178,1.14188
True,5,1.14187,1.14187,1.14184,1.14184
True,10,1.14184,1.14192,1.14184,1.14192
True,15,1.14188,1.14188,1.14176,1.14180
True,8,1.14182,1.14188,1.14182,1.14184
True,34,1.14180,1.14182,1.14176,1.14178
True,17,1.14178,1.14178,1.14176,1.14177
True,26,1.14178,1.14208,1.14178,1.14208
True,18,1.14210,1.14212,1.14204,1.14212
True,46,1.14212,1.14243,1.14212,1.14238
True,26,1.14240,1.14246,1.14236,1.14242
True,37,1.14246,1.14262,1.14240,1.14257
True,38,1.14253,1.14264,1.14253,1.14262
True,27,1.14258,1.14272,1.14256,1.14266
True,39,1.14269,1.14290,1.14268,1.14290
True,85,1.14286,1.14300,1.14278,1.14282
True,62,1.14282,1.14282,1.14258,1.14258
True,66,1.14255,1.14262,1.14248,1.14256
True,58,1.14256,1.14266,1.14232,1.14232
True,47,1.14230,1.14237,1.14222,1.14236
True,33,1.14237,1.14237,1.14229,1.14233
True,35,1.14230,1.14241,1.14222,1.14238
True,60,1.14236,1.14236,1.14207,1.14210
True,45,1.14211,1.14220,1.14198,1.14211
True,29,1.14210,1.14230,1.14210,1.14212
True,44,1.14208,1.14212,1.14197,1.14200
True,22,1.14196,1.14202,1.14191,1.14201
True,89,1.14200,1.14202,1.14175,1.14194
True,75,1.14194,1.14229,1.14194,1.14206
True,69,1.14205,1.14256,1.14205,1.14245
True,79,1.14251,1.14252,1.14225,1.14240
True,37,1.14236,1.14250,1.14228,1.14230
True,102,1.14234,1.14237,1.14212,1.14228
True,72,1.14228,1.14234,1.14224,1.14234
True,45,1.14234,1.14274,1.14234,1.14270
True,28,1.14266,1.14270,1.14252,1.14268
True,457,1.14269,1.14404,1.14269,1.14366
True,199,1.14368,1.14408,1.14365,1.14394
True,130,1.14394,1.14396,1.14368,1.14382
True,150,1.14384,1.14387,1.14370,1.14385
True,104,1.14384,1.14393,1.14374,1.14374
True,181,1.14374,1.14433,1.14374,1.14426
True,142,1.14425,1.14426,1.14408,1.14417
True,65,1.14412,1.14426,1.14407,1.14410
True,112,1.14406,1.14421,1.14390,1.14410
True,109,1.14408,1.14412,1.14390,1.14390
True,79,1.14395,1.14402,1.14382,1.14382
True,68,1.14380,1.14380,1.14362,1.14376
True,64,1.14380,1.14382,1.14365,1.14366
True,64,1.14366,1.14378,1.14363,1.14374
True,73,1.14378,1.14378,1.14360,1.14364
True,52,1.14368,1.14368,1.14353,1.14354
True,50,1.14358,1.14380,1.14349,1.14374
True,74,1.14369,1.14374,1.14357,1.14372
True,53,1.14373,1.14386,1.14368,1.14384
True,72,1.14382,1.14382,1.14354,1.14358
True,113,1.14358,1.14360,1.14332,1.14342
True,104,1.14342,1.14350,1.14326,1.14330
True,142,1.14330,1.14335,1.14318,1.14328
True,112,1.14328,1.14352,1.14328,1.14328
True,140,1.14329,1.14354,1.14322,1.14346
True,44,1.14342,1.14352,1.14334,1.14347
True,49,1.14348,1.14348,1.14326,1.14338
True,89,1.14338,1.14366,1.14326,1.14366
True,45,1.14364,1.14368,1.14338,1.14338
True,72,1.14338,1.14354,1.14326,1.14340
True,79,1.14344,1.14358,1.14336,1.14336
True,41,1.14330,1.14358,1.14330,1.14353
True,70,1.14352,1.14356,1.14332,1.14332
True,50,1.14332,1.14345,1.14332,1.14344
True,51,1.14346,1.14346,1.14321,1.14332
True,48,1.14336,1.14336,1.14322,1.14334
True,74,1.14330,1.14344,1.14320,1.14343
True,76,1.14344,1.14368,1.14339,1.14368
True,49,1.14368,1.14371,1.14360,1.14364
True,42,1.14360,1.14376,1.14360,1.14367
True,66,1.14368,1.14382,1.14366,1.14369
True,29,1.14373,1.14373,1.14364,1.14367
True,51,1.14372,1.14372,1.14348,1.14348
True,63,1.14347,1.14370,1.14344,1.14369
True,45,1.14369,1.14378,1.14358,1.14358
True,9,1.14356,1.14356,1.14343,1.14352
True,57,1.14351,1.14361,1.14334,1.14334
True,42,1.14332,1.14336,1.14325,1.14326
True,33,1.14328,1.14344,1.14326,1.14337
True,103,1.14336,1.14372,1.14336,1.14372
True,40,1.14372,1.14384,1.14372,1.14372
True,125,1.14370,1.14370,1.14311,1.14328
True,95,1.14324,1.14335,1.14318,1.14325
True,109,1.14328,1.14362,1.14328,1.14332
True,68,1.14332,1.14352,1.14330,1.14348
True,51,1.14348,1.14365,1.14339,1.14362
True,81,1.14362,1.14392,1.14362,1.14388
True,124,1.14388,1.14396,1.14356,1.14362
True,53,1.14366,1.14366,1.14344,1.14344
True,130,1.14339,1.14344,1.14306,1.14314
True,108,1.14312,1.14322,1.14306,1.14312
True,101,1.14314,1.14330,1.14301,1.14327
True,57,1.14328,1.14354,1.14324,1.14348
True,47,1.14347,1.14365,1.14328,1.14364
True,30,1.14368,1.14368,1.14338,1.14338
True,73,1.14342,1.14353,1.14324,1.14332
True,42,1.14338,1.14344,1.14321,1.14344
True,92,1.14340,1.14382,1.14340,1.14382
True,60,1.14377,1.14384,1.14374,1.14379
True,96,1.14378,1.14402,1.14371,1.14398
True,74,1.14394,1.14398,1.14386,1.14393
True,89,1.14389,1.14398,1.14368,1.14392
True,107,1.14390,1.14410,1.14366,1.14375
True,126,1.14375,1.14408,1.14364,1.14404
True,101,1.14408,1.14429,1.14403,1.14409
True,73,1.14410,1.14426,1.14380,1.14384
True,132,1.14383,1.14417,1.14382,1.14417
True,119,1.14412,1.14422,1.14401,1.14412
True,73,1.14412,1.14415,1.14396,1.14406
True,69,1.14412,1.14419,1.14389,1.14390
True,72,1.14390,1.14402,1.14379,1.14398
True,51,1.14398,1.14402,1.14379,1.14383
True,68,1.14380,1.14388,1.14364,1.14375
True,46,1.14380,1.14386,1.14368,1.14380
True,39,1.14380,1.14382,1.14368,1.14377
True,31,1.14372,1.14384,1.14372,1.14384
True,87,1.14386,1.14409,1.14379,1.14404
True,50,1.14402,1.14402,1.14376,1.14383
True,24,1.14387,1.14392,1.14376,1.14384
True,13,1.14388,1.14388,1.14381,1.14384
True,30,1.14384,1.14392,1.14384,1.14386
True,56,1.14387,1.14405,1.14387,1.14396
True,71,1.14392,1.14414,1.14392,1.14410
True,53,1.14409,1.14417,1.14394,1.14396
True,54,1.14395,1.14412,1.14390,1.14411
True,54,1.14414,1.14416,1.14390,1.14401
True,81,1.14398,1.14399,1.14373,1.14378
True,54,1.14378,1.14390,1.14378,1.14382
True,82,1.14377,1.14378,1.14350,1.14368
True,44,1.14367,1.14367,1.14356,1.14362
True,65,1.14362,1.14362,1.14343,1.14346
True,70,1.14346,1.14346,1.14326,1.14332
True,68,1.14332,1.14368,1.14332,1.14362
True,51,1.14358,1.14358,1.14339,1.14349
True,44,1.14346,1.14348,1.14338,1.14344
True,188,1.14344,1.14363,1.14327,1.14336
True,48,1.14336,1.14336,1.14320,1.14322
True,32,1.14324,1.14332,1.14320,1.14326
True,64,1.14331,1.14332,1.14316,1.14330
True,126,1.14330,1.14344,1.14326,1.14332
True,140,1.14332,1.14333,1.14304,1.14304
True,237,1.14302,1.14303,1.14270,1.14274
True,53,1.14274,1.14278,1.14260,1.14265
True,41,1.14266,1.14268,1.14252,1.14263
True,39,1.14258,1.14258,1.14252,1.14258
True,53,1.14259,1.14259,1.14240,1.14242
True,42,1.14247,1.14266,1.14247,1.14266
True,54,1.14265,1.14272,1.14256,1.14272
True,58,1.14270,1.14286,1.14270,1.14282
True,21,1.14278,1.14289,1.14277,1.14284
True,47,1.14280,1.14291,1.14268,1.14270
True,25,1.14270,1.14282,1.14266,1.14271
True,37,1.14276,1.14276,1.14257,1.14264
True,21,1.14268,1.14280,1.14264,1.14276
True,23,1.14280,1.14280,1.14274,1.14278
True,21,1.14278,1.14284,1.14276,1.14276
True,50,1.14271,1.14285,1.14267,1.14283
True,36,1.14282,1.14286,1.14278,1.14279
True,23,1.14280,1.14286,1.14272,1.14286
True,32,1.14288,1.14300,1.14284,1.14284
True,48,1.14284,1.14312,1.14284,1.14309
True,34,1.14313,1.14321,1.14310,1.14310
True,26,1.14314,1.14319,1.14308,1.14310
True,23,1.14310,1.14327,1.14310,1.14322
True,51,1.14326,1.14336,1.14312,1.14334
True,58,1.14334,1.14364,1.14330,1.14364
True,63,1.14368,1.14375,1.14345,1.14354
True,36,1.14358,1.14368,1.14356,1.14368
True,49,1.14368,1.14380,1.14364,1.14369
True,30,1.14368,1.14368,1.14348,1.14352
True,123,1.14350,1.14362,1.14334,1.14338
True,47,1.14339,1.14354,1.14334,1.14346
True,17,1.14346,1.14356,1.14346,1.14353
True,53,1.14356,1.14376,1.14356,1.14372
True,57,1.14372,1.14381,1.14364,1.14376
True,104,1.14375,1.14396,1.14374,1.14392
True,66,1.14392,1.14392,1.14368,1.14376
True,91,1.14373,1.14380,1.14356,1.14374
True,77,1.14374,1.14405,1.14373,1.14394
True,41,1.14392,1.14392,1.14366,1.14375
True,77,1.14380,1.14402,1.14380,1.14402
True,79,1.14402,1.14416,1.14394,1.14398
True,19,1.14396,1.14396,1.14384,1.14385
True,38,1.14386,1.14391,1.14360,1.14368
True,40,1.14368,1.14386,1.14364,1.14384
True,47,1.14383,1.14396,1.14383,1.14395
True,47,1.14394,1.14408,1.14394,1.14403
True,56,1.14405,1.14426,1.14401,1.14418
True,75,1.14418,1.14440,1.14414,1.14436
True,78,1.14438,1.14450,1.14429,1.14436
True,74,1.14435,1.14439,1.14423,1.14430
True,38,1.14428,1.14434,1.14424,1.14434
True,42,1.14432,1.14436,1.14415,1.14416
True,34,1.14415,1.14420,1.14398,1.14404
True,33,1.14404,1.14415,1.14398,1.14415
True,59,1.14420,1.14425,1.14390,1.14390
True,52,1.14394,1.14399,1.14388,1.14398
True,34,1.14398,1.14412,1.14390,1.14412
True,62,1.14408,1.14419,1.14403,1.14410
True,32,1.14406,1.14408,1.14394,1.14401
True,18,1.14400,1.14400,1.14381,1.14382
True,20,1.14380,1.14384,1.14366,1.14382
True,44,1.14384,1.14386,1.14358,1.14368
True,52,1.14372,1.14372,1.14354,1.14358
True,32,1.14362,1.14370,1.14360,1.14370
True,28,1.14370,1.14370,1.14358,1.14364
True,39,1.14360,1.14360,1.14349,1.14354
True,24,1.14356,1.14368,1.14356,1.14364
True,21,1.14368,1.14378,1.14366,1.14366
True,35,1.14367,1.14374,1.14356,1.14358
True,29,1.14357,1.14364,1.14357,1.14364
True,79,1.14364,1.14400,1.14362,1.14398
True,69,1.14396,1.14411,1.14391,1.14406
True,46,1.14402,1.14410,1.14394,1.14401
True,53,1.14396,1.14406,1.14392,1.14392
True,30,1.14390,1.14396,1.14374,1.14374
True,30,1.14375,1.14395,1.14375,1.14395
True,34,1.14394,1.14406,1.14394,1.14396
True,9,1.14398,1.14405,1.14394,1.14398
True,54,1.14398,1.14413,1.14388,1.14409
True,73,1.14404,1.14428,1.14404,1.14426
True,30,1.14423,1.14424,1.14411,1.14424
True,36,1.14424,1.14437,1.14424,1.14434
True,36,1.14438,1.14438,1.14424,1.14436
True,42,1.14436,1.14453,1.14432,1.14450
True,82,1.14454,1.14469,1.14452,1.14458
True,24,1.14455,1.14455,1.14440,1.14446
True,27,1.14446,1.14448,1.14434,1.14448
True,31,1.14450,1.14454,1.14442,1.14446
True,25,1.14450,1.14456,1.14440,1.14444
True,39,1.14440,1.14449,1.14430,1.14430
True,31,1.14431,1.14432,1.14418,1.14430
True,53,1.14430,1.14437,1.14422,1.14429
True,39,1.14424,1.14426,1.14416,1.14424
True,19,1.14424,1.14436,1.14424,1.14432
True,27,1.14433,1.14449,1.14433,1.14448
True,27,1.14446,1.14446,1.14431,1.14436
True,41,1.14438,1.14443,1.14420,1.14426
True,42,1.14431,1.14438,1.14424,1.14428
True,58,1.14428,1.14460,1.14428,1.14458
True,16,1.14458,1.14464,1.14451,1.14451
True,62,1.14456,1.14456,1.14434,1.14442
True,20,1.14446,1.14450,1.14437,1.14437
True,68,1.14434,1.14462,1.14430,1.14457
True,50,1.14460,1.14474,1.14454,1.14471
True,55,1.14472,1.14476,1.14446,1.14448
True,71,1.14448,1.14449,1.14428,1.14440
True,22,1.14444,1.14456,1.14443,1.14452
True,80,1.14456,1.14467,1.14438,1.14446
True,47,1.14450,1.14466,1.14450,1.14462
True,46,1.14462,1.14467,1.14453,1.14460
True,43,1.14456,1.14461,1.14442,1.14450
True,27,1.14454,1.14460,1.14440,1.14460
True,7,1.14456,1.14456,1.14452,1.14452
True,38,1.14451,1.14467,1.14451,1.14467
True,49,1.14470,1.14480,1.14468,1.14478
True,25,1.14478,1.14479,1.14466,1.14476
True,23,1.14476,1.14479,1.14471,1.14471
True,33,1.14466,1.14475,1.14466,1.14472
True,52,1.14474,1.14495,1.14474,1.14495
True,34,1.14498,1.14500,1.14492,1.14498
True,32,1.14496,1.14498,1.14482,1.14498
True,126,1.14500,1.14532,1.14495,1.14530
True,92,1.14530,1.14540,1.14525,1.14540
True,70,1.14537,1.14546,1.14526,1.14544
True,57,1.14541,1.14562,1.14541,1.14551
True,75,1.14552,1.14558,1.14532,1.14532
True,87,1.14528,1.14559,1.14527,1.14558
True,79,1.14558,1.14559,1.14527,1.14531
True,38,1.14536,1.14542,1.14532,1.14535
True,18,1.14533,1.14550,1.14531,1.14546
True,52,1.14544,1.14544,1.14531,1.14534
True,37,1.14529,1.14531,1.14521,1.14525
True,14,1.14520,1.14524,1.14516,1.14524
True,50,1.14526,1.14530,1.14520,1.14524
True,68,1.14523,1.14525,1.14500,1.14500
True,23,1.14503,1.14513,1.14503,1.14507
True,46,1.14508,1.14514,1.14500,1.14500
True,27,1.14500,1.14500,1.14491,1.14492
True,19,1.14493,1.14495,1.14490,1.14490
True,46,1.14486,1.14492,1.14485,1.14486
True,61,1.14487,1.14510,1.14486,1.14506
True,41,1.14507,1.14507,1.14488,1.14493
True,79,1.14489,1.14510,1.14480,1.14509
True,52,1.14506,1.14506,1.14496,1.14496
True,68,1.14496,1.14496,1.14484,1.14485
True,27,1.14480,1.14502,1.14480,1.14501
True,30,1.14499,1.14500,1.14488,1.14497
True,21,1.14496,1.14496,1.14477,1.14478
True,25,1.14477,1.14483,1.14476,1.14477
True,44,1.14476,1.14487,1.14476,1.14480
True,27,1.14482,1.14488,1.14474,1.14478
True,26,1.14477,1.14484,1.14477,1.14478
True,51,1.14476,1.14478,1.14462,1.14471
True,22,1.14466,1.14472,1.14464,1.14471
True,43,1.14473,1.14480,1.14464,1.14479
True,31,1.14484,1.14495,1.14479,1.14492
True,36,1.14494,1.14502,1.14490,1.14496
True,14,1.14496,1.14500,1.14491,1.14492
True,24,1.14488,1.14492,1.14476,1.14482
True,47,1.14482,1.14482,1.14462,1.14466
True,36,1.14464,1.14468,1.14460,1.14466
True,46,1.14468,1.14480,1.14468,1.14472
True,9,1.14467,1.14472,1.14467,1.14472
True,46,1.14472,1.14484,1.14471,1.14479
True,53,1.14478,1.14478,1.14452,1.14453
True,37,1.14456,1.14461,1.14448,1.14453
True,150,1.14458,1.14484,1.14443,1.14474
True,93,1.14478,1.14482,1.14458,1.14466
True,81,1.14467,1.14477,1.14442,1.14476
True,29,1.14479,1.14490,1.14477,1.14490
True,23,1.14490,1.14498,1.14489,1.14492
True,55,1.14488,1.14488,1.14467,1.14467
True,43,1.14472,1.14477,1.14459,1.14459
True,62,1.14458,1.14468,1.14436,1.14446
True,40,1.14449,1.14474,1.14449,1.14473
True,60,1.14472,1.14486,1.14458,1.14458
True,54,1.14458,1.14466,1.14444,1.14449
True,22,1.14448,1.14452,1.14443,1.14452
True,33,1.14453,1.14466,1.14452,1.14454
True,30,1.14454,1.14464,1.14448,1.14458
True,45,1.14460,1.14472,1.14458,1.14464
True,38,1.14463,1.14479,1.14460,1.14470
True,28,1.14471,1.14480,1.14470,1.14475
True,28,1.14476,1.14483,1.14474,1.14482
True,5,1.14487,1.14493,1.14487,1.14492
True,33,1.14496,1.14504,1.14491,1.14493
True,33,1.14491,1.14495,1.14476,1.14476
True,29,1.14481,1.14481,1.14462,1.14468
True,74,1.14467,1.14468,1.14440,1.14442
True,37,1.14438,1.14438,1.14415,1.14425
True,32,1.14423,1.14427,1.14416,1.14427
True,79,1.14425,1.14426,1.14400,1.14404
True,221,1.14408,1.14419,1.14352,1.14364
True,112,1.14364,1.14395,1.14364,1.14370
True,74,1.14372,1.14390,1.14368,1.14375
True,99,1.14380,1.14384,1.14360,1.14370
True,86,1.14371,1.14404,1.14365,1.14394
True,96,1.14394,1.14430,1.14391,1.14426
True,108,1.14426,1.14426,1.14380,1.14386
True,96,1.14384,1.14393,1.14368,1.14368
True,223,1.14368,1.14388,1.14298,1.14298
True,64,1.14300,1.14322,1.14300,1.14319
True,74,1.14319,1.14358,1.14318,1.14348
True,76,1.14348,1.14352,1.14338,1.14346
True,43,1.14346,1.14366,1.14346,1.14364
True,77,1.14366,1.14382,1.14360,1.14374
True,38,1.14370,1.14370,1.14346,1.14354
True,38,1.14357,1.14368,1.14342,1.14358
True,61,1.14357,1.14359,1.14341,1.14354
True,378,1.14354,1.14434,1.14338,1.14392
True,963,1.14367,1.14387,1.14241,1.14291
True,457,1.14291,1.14406,1.14262,1.14387
True,290,1.14392,1.14426,1.14350,1.14382
True,317,1.14384,1.14384,1.14284,1.14291
True,290,1.14287,1.14292,1.14240,1.14240
True,250,1.14244,1.14256,1.14212,1.14212
True,235,1.14208,1.14237,1.14175,1.14176
True,153,1.14177,1.14188,1.14128,1.14128
True,167,1.14130,1.14138,1.14107,1.14115
True,173,1.14118,1.14218,1.14118,1.14210
True,194,1.14210,1.14217,1.14162,1.14214
True,178,1.14214,1.14252,1.14214,1.14252
True,131,1.14252,1.14274,1.14242,1.14252
True,156,1.14250,1.14310,1.14250,1.14308
True,80,1.14308,1.14311,1.14276,1.14281
True,85,1.14282,1.14292,1.14258,1.14280
True,88,1.14280,1.14316,1.14280,1.14309
True,89,1.14309,1.14330,1.14280,1.14299
True,127,1.14298,1.14298,1.14248,1.14250
True,135,1.14245,1.14294,1.14240,1.14294
True,111,1.14298,1.14314,1.14244,1.14246
True,58,1.14241,1.14254,1.14226,1.14240
True,95,1.14236,1.14270,1.14213,1.14266
True,86,1.14269,1.14271,1.14213,1.14232
True,67,1.14234,1.14261,1.14234,1.14244
True,69,1.14246,1.14254,1.14197,1.14202
True,117,1.14202,1.14228,1.14188,1.14228
True,135,1.14232,1.14232,1.14186,1.14204
True,147,1.14205,1.14224,1.14188,1.14211
True,155,1.14208,1.14208,1.14168,1.14172
True,114,1.14176,1.14200,1.14162,1.14182
True,86,1.14176,1.14180,1.14146,1.14150
True,107,1.14150,1.14193,1.14147,1.14182
True,63,1.14185,1.14210,1.14179,1.14192
True,106,1.14188,1.14206,1.14164,1.14165
True,83,1.14162,1.14200,1.14162,1.14180
True,72,1.14176,1.14210,1.14172,1.14210
True,109,1.14206,1.14230,1.14206,1.14226
True,77,1.14226,1.14230,1.14213,1.14218
True,78,1.14214,1.14225,1.14188,1.14192
True,55,1.14197,1.14205,1.14190,1.14197
True,68,1.14192,1.14230,1.14190,1.14230
True,113,1.14234,1.14234,1.14193,1.14208
True,85,1.14212,1.14212,1.14178,1.14178
True,107,1.14174,1.14190,1.14164,1.14174
True,110,1.14174,1.14174,1.14150,1.14169
True,87,1.14167,1.14167,1.14142,1.14144
True,79,1.14144,1.14151,1.14118,1.14125
True,86,1.14127,1.14140,1.14120,1.14130
True,78,1.14130,1.14131,1.14096,1.14103
True,80,1.14106,1.14114,1.14077,1.14080
True,83,1.14075,1.14083,1.14051,1.14056
True,119,1.14056,1.14106,1.14056,1.14102
True,103,1.14102,1.14129,1.14101,1.14114
True,90,1.14116,1.14135,1.14113,1.14134
True,116,1.14134,1.14134,1.14083,1.14096
True,18,1.14096,1.14102,1.14086,1.14099
True,64,1.14099,1.14103,1.14086,1.14098
True,55,1.14099,1.14100,1.14086,1.14086
True,44,1.14090,1.14098,1.14080,1.14084
True,72,1.14087,1.14102,1.14082,1.14084
True,76,1.14086,1.14099,1.14076,1.14094
True,54,1.14096,1.14101,1.14086,1.14090
True,87,1.14086,1.14086,1.14060,1.14067
True,80,1.14068,1.14085,1.14067,1.14082
True,99,1.14082,1.14100,1.14070,1.14092
True,108,1.14096,1.14112,1.14092,1.14107
True,74,1.14106,1.14107,1.14080,1.14080
True,49,1.14080,1.14088,1.14076,1.14076
True,78,1.14076,1.14092,1.14058,1.14077
True,59,1.14078,1.14106,1.14078,1.14098
True,106,1.14098,1.14128,1.14092,1.14120
True,112,1.14118,1.14128,1.14110,1.14110
True,133,1.14106,1.14106,1.14058,1.14070
True,91,1.14070,1.14080,1.14062,1.14072
True,88,1.14072,1.14100,1.14072,1.14093
True,54,1.14096,1.14120,1.14096,1.14120
True,81,1.14120,1.14124,1.14096,1.14124
True,52,1.14124,1.14130,1.14106,1.14119
True,68,1.14120,1.14143,1.14120,1.14140
True,47,1.14136,1.14144,1.14125,1.14125
True,67,1.14124,1.14136,1.14119,1.14136
True,86,1.14137,1.14157,1.14132,1.14151
True,38,1.14150,1.14158,1.14138,1.14146
True,43,1.14150,1.14169,1.14150,1.14165
True,85,1.14166,1.14176,1.14160,1.14171
True,68,1.14176,1.14181,1.14162,1.14169
True,55,1.14167,1.14177,1.14162,1.14165
True,95,1.14164,1.14197,1.14164,1.14192
True,120,1.14192,1.14196,1.14178,1.14180
True,142,1.14180,1.14190,1.14163,1.14185
True,50,1.14184,1.14198,1.14172,1.14198
True,61,1.14202,1.14210,1.14198,1.14203
True,65,1.14202,1.14204,1.14162,1.14188
True,83,1.14184,1.14216,1.14184,1.14190
True,76,1.14190,1.14198,1.14174,1.14182
True,61,1.14184,1.14191,1.14184,1.14190
True,136,1.14190,1.14239,1.14190,1.14223
True,110,1.14224,1.14226,1.14190,1.14198
True,34,1.14202,1.14211,1.14198,1.14210
True,92,1.14210,1.14226,1.14186,1.14190
True,55,1.14190,1.14212,1.14189,1.14212
True,87,1.14208,1.14230,1.14208,1.14212
True,82,1.14212,1.14237,1.14212,1.14236
True,72,1.14238,1.14256,1.14228,1.14244
True,67,1.14244,1.14255,1.14236,1.14239
True,64,1.14238,1.14244,1.14210,1.14210
True,49,1.14211,1.14234,1.14209,1.14231
True,62,1.14230,1.14261,1.14230,1.14261
True,67,1.14260,1.14271,1.14258,1.14265
True,78,1.14260,1.14260,1.14230,1.14260
True,36,1.14258,1.14280,1.14252,1.14280
True,85,1.14283,1.14304,1.14268,1.14268
True,68,1.14264,1.14298,1.14263,1.14294
True,46,1.14293,1.14297,1.14284,1.14290
True,107,1.14293,1.14312,1.14283,1.14288
True,64,1.14288,1.14302,1.14280,1.14299
True,31,1.14294,1.14302,1.14265,1.14265
True,49,1.14262,1.14282,1.14260,1.14268
True,54,1.14268,1.14278,1.14258,1.14274
True,70,1.14274,1.14275,1.14259,1.14268
True,47,1.14272,1.14299,1.14272,1.14296
True,32,1.14292,1.14310,1.14284,1.14310
True,53,1.14308,1.14308,1.14294,1.14294
True,46,1.14296,1.14298,1.14289,1.14292
True,44,1.14293,1.14312,1.14292,1.14306
True,38,1.14310,1.14313,1.14291,1.14310
True,22,1.14309,1.14311,1.14303,1.14303
True,76,1.14298,1.14314,1.14291,1.14308
True,38,1.14312,1.14314,1.14303,1.14305
True,128,1.14304,1.14313,1.14262,1.14263
True,59,1.14259,1.14266,1.14248,1.14257
True,70,1.14258,1.14258,1.14233,1.14244
True,82,1.14243,1.14246,1.14204,1.14215
True,144,1.14216,1.14220,1.14186,1.14197
True,154,1.14197,1.14233,1.14196,1.14209
True,40,1.14205,1.14222,1.14200,1.14220
True,55,1.14218,1.14232,1.14200,1.14217
True,79,1.14222,1.14227,1.14190,1.14192
True,55,1.14194,1.14204,1.14174,1.14182
True,124,1.14178,1.14215,1.14178,1.14193
True,64,1.14195,1.14206,1.14188,1.14198
True,67,1.14198,1.14214,1.14192,1.14206
True,99,1.14202,1.14217,1.14186,1.14204
True,62,1.14203,1.14203,1.14182,1.14182
True,96,1.14177,1.14197,1.14172,1.14196
True,83,1.14196,1.14226,1.14196,1.14224
True,85,1.14224,1.14260,1.14214,1.14241
True,67,1.14236,1.14236,1.14204,1.14208
True,104,1.14213,1.14224,1.14191,1.14191
True,79,1.14190,1.14196,1.14171,1.14171
True,124,1.14168,1.14172,1.14127,1.14128
True,32,1.14128,1.14138,1.14127,1.14134
True,73,1.14135,1.14138,1.14103,1.14113
True,79,1.14115,1.14135,1.14114,1.14122
True,98,1.14118,1.14124,1.14095,1.14095
True,122,1.14092,1.14132,1.14092,1.14099
True,164,1.14100,1.14109,1.14058,1.14066
True,114,1.14066,1.14096,1.14066,1.14094
True,49,1.14096,1.14114,1.14096,1.14102
True,54,1.14104,1.14110,1.14076,1.14078
True,67,1.14078,1.14085,1.14062,1.14085
True,100,1.14088,1.14105,1.14078,1.14096
True,65,1.14096,1.14096,1.14073,1.14086
True,49,1.14086,1.14097,1.14076,1.14094
True,65,1.14092,1.14101,1.14088,1.14101
True,92,1.14104,1.14126,1.14102,1.14126
True,72,1.14131,1.14136,1.14101,1.14112
True,56,1.14114,1.14125,1.14107,1.14124
True,61,1.14124,1.14124,1.14106,1.14114
True,44,1.14114,1.14128,1.14113,1.14128
True,33,1.14132,1.14136,1.14132,1.14134
True,28,1.14135,1.14136,1.14123,1.14123
True,35,1.14120,1.14120,1.14108,1.14120
True,57,1.14120,1.14127,1.14106,1.14112
True,58,1.14112,1.14132,1.14111,1.14123
True,27,1.14122,1.14138,1.14122,1.14137
True,42,1.14136,1.14147,1.14134,1.14142
True,33,1.14143,1.14144,1.14133,1.14136
True,27,1.14134,1.14142,1.14130,1.14140
True,49,1.14140,1.14148,1.14134,1.14148
True,55,1.14145,1.14166,1.14145,1.14148
True,52,1.14144,1.14149,1.14138,1.14139
True,63,1.14143,1.14155,1.14132,1.14154
True,290,1.14150,1.14150,1.14059,1.14118
True,105,1.14122,1.14128,1.14072,1.14096
True,114,1.14101,1.14124,1.14091,1.14124
True,65,1.14124,1.14132,1.14118,1.14124
True,96,1.14129,1.14148,1.14121,1.14136
True,51,1.14132,1.14143,1.14128,1.14136
True,70,1.14136,1.14150,1.14122,1.14122
True,154,1.14126,1.14136,1.14062,1.14062
True,558,1.14066,1.14066,1.13938,1.13966
True,249,1.13966,1.14003,1.13966,1.13986
True,293,1.13985,1.13988,1.13912,1.13936
True,547,1.13936,1.13938,1.13832,1.13854
True,420,1.13856,1.13916,1.13855,1.13888
True,98,1.13887,1.13894,1.13878,1.13887
True,113,1.13892,1.13930,1.13892,1.13914
True,90,1.13914,1.13942,1.13912,1.13916
True,99,1.13912,1.13930,1.13900,1.13902
True,60,1.13901,1.13906,1.13894,1.13906
True,129,1.13910,1.13918,1.13859,1.13872
True,107,1.13872,1.13878,1.13834,1.13834
True,158,1.13835,1.13846,1.13784,1.13786
True,148,1.13792,1.13814,1.13772,1.13778
True,165,1.13778,1.13798,1.13737,1.13737
True,169,1.13736,1.13824,1.13736,1.13791
True,185,1.13790,1.13803,1.13743,1.13794
True,127,1.13790,1.13790,1.13758,1.13779
True,146,1.13780,1.13793,1.13769,1.13790
True,182,1.13789,1.13806,1.13782,1.13785
True,136,1.13782,1.13804,1.13774,1.13788
True,87,1.13787,1.13800,1.13768,1.13768
True,130,1.13764,1.13774,1.13752,1.13765
True,60,1.13766,1.13800,1.13766,1.13790
True,101,1.13790,1.13798,1.13778,1.13781
True,100,1.13780,1.13808,1.13774,1.13808
True,89,1.13809,1.13815,1.13794,1.13805
True,81,1.13804,1.13806,1.13788,1.13804
True,127,1.13804,1.13804,1.13781,1.13782
True,93,1.13782,1.13782,1.13749,1.13767
True,140,1.13766,1.13770,1.13720,1.13744
True,121,1.13747,1.13774,1.13738,1.13768
True,76,1.13764,1.13784,1.13760,1.13782
True,79,1.13780,1.13782,1.13760,1.13766
True,98,1.13770,1.13776,1.13760,1.13760
True,75,1.13764,1.13782,1.13760,1.13765
True,70,1.13766,1.13780,1.13744,1.13773
True,62,1.13770,1.13790,1.13770,1.13784
True,39,1.13786,1.13796,1.13785,1.13792
True,44,1.13795,1.13800,1.13783,1.13791
True,37,1.13792,1.13796,1.13784,1.13787
True,48,1.13792,1.13805,1.13790,1.13798
True,70,1.13794,1.13812,1.13793,1.13806
True,54,1.13804,1.13814,1.13800,1.13803
True,73,1.13808,1.13831,1.13805,1.13830
True,95,1.13830,1.13850,1.13826,1.13843
True,33,1.13842,1.13850,1.13834,1.13850
True,40,1.13845,1.13852,1.13831,1.13836
True,43,1.13833,1.13842,1.13832,1.13835
True,39,1.13836,1.13846,1.13835,1.13835
True,122,1.13831,1.13831,1.13786,1.13808
True,62,1.13808,1.13832,1.13806,1.13822
True,72,1.13826,1.13845,1.13826,1.13829
True,64,1.13828,1.13837,1.13819,1.13835
True,78,1.13837,1.13850,1.13822,1.13822
True,80,1.13820,1.13824,1.13794,1.13808
True,66,1.13808,1.13812,1.13780,1.13790
True,89,1.13790,1.13790,1.13744,1.13754
True,72,1.13754,1.13768,1.13754,1.13766
True,77,1.13765,1.13792,1.13764,1.13772
True,81,1.13772,1.13804,1.13766,1.13794
True,72,1.13797,1.13823,1.13794,1.13815
True,25,1.13813,1.13818,1.13810,1.13815
True,52,1.13814,1.13817,1.13806,1.13814
True,10,1.13815,1.13822,1.13810,1.13822
True,39,1.13819,1.13827,1.13808,1.13827
True,31,1.13828,1.13828,1.13820,1.13820
True,17,1.13821,1.13838,1.13820,1.13828
True,25,1.13824,1.13838,1.13824,1.13828
True,38,1.13826,1.13835,1.13826,1.13833
True,62,1.13834,1.13840,1.13825,1.13833
True,42,1.13832,1.13836,1.13824,1.13828
True,18,1.13827,1.13846,1.13827,1.13840
True,35,1.13844,1.13851,1.13829,1.13835
True,42,1.13834,1.13856,1.13832,1.13833
True,32,1.13832,1.13842,1.13832,1.13838
True,64,1.13842,1.13857,1.13830,1.13856
True,34,1.13852,1.13863,1.13849,1.13860
True,31,1.13860,1.13863,1.13852,1.13856
True,55,1.13858,1.13860,1.13843,1.13846
True,32,1.13845,1.13846,1.13832,1.13834
True,45,1.13836,1.13838,1.13818,1.13818
True,85,1.13814,1.13826,1.13806,1.13808
True,49,1.13809,1.13817,1.13804,1.13809
True,57,1.13812,1.13844,1.13811,1.13844
True,50,1.13840,1.13843,1.13814,1.13814
True,35,1.13811,1.13817,1.13803,1.13803
True,26,1.13804,1.13815,1.13804,1.13807
True,32,1.13811,1.13812,1.13788,1.13788
True,24,1.13794,1.13794,1.13784,1.13787
True,36,1.13791,1.13792,1.13774,1.13774
True,58,1.13770,1.13784,1.13756,1.13778
True,51,1.13782,1.13810,1.13782,1.13810
True,27,1.13810,1.13820,1.13808,1.13812
True,39,1.13814,1.13818,1.13802,1.13814
True,15,1.13813,1.13824,1.13812,1.13823
True,9,1.13822,1.13822,1.13817,1.13822
True,26,1.13824,1.13838,1.13824,1.13832
True,48,1.13833,1.13840,1.13829,1.13838
True,7,1.13838,1.13839,1.13832,1.13832
True,30,1.13836,1.13840,1.13834,1.13834
True,10,1.13832,1.13832,1.13824,1.13824
True,35,1.13824,1.13833,1.13820,1.13832
True,28,1.13832,1.13832,1.13820,1.13822
True,13,1.13822,1.13822,1.13811,1.13812
True,11,1.13812,1.13818,1.13812,1.13815
True,11,1.13814,1.13817,1.13813,1.13816
True,23,1.13816,1.13822,1.13810,1.13820
True,27,1.13824,1.13826,1.13815,1.13816
True,53,1.13813,1.13814,1.13794,1.13798
True,22,1.13798,1.13812,1.13798,1.13804
True,24,1.13804,1.13804,1.13790,1.13794
True,22,1.13794,1.13794,1.13786,1.13786
True,32,1.13785,1.13790,1.13782,1.13782
True,44,1.13782,1.13798,1.13779,1.13796
True,25,1.13797,1.13808,1.13796,1.13808
True,16,1.13808,1.13809,1.13804,1.13808
True,18,1.13813,1.13820,1.13813,1.13818
True,27,1.13818,1.13840,1.13818,1.13834
True,32,1.13838,1.13844,1.13830,1.13836
True,34,1.13832,1.13844,1.13831,1.13832
True,34,1.13828,1.13835,1.13820,1.13830
True,26,1.13830,1.13833,1.13824,1.13831
True,26,1.13826,1.13840,1.13826,1.13838
True,18,1.13834,1.13834,1.13824,1.13832
True,39,1.13831,1.13840,1.13828,1.13829
True,15,1.13825,1.13828,1.13820,1.13822
True,39,1.13826,1.13827,1.13803,1.13822
True,30,1.13824,1.13831,1.13824,1.13829
True,40,1.13829,1.13852,1.13826,1.13852
True,22,1.13846,1.13851,1.13835,1.13835
True,36,1.13836,1.13843,1.13826,1.13842
True,33,1.13836,1.13839,1.13827,1.13839
True,33,1.13838,1.13854,1.13834,1.13850
True,22,1.13852,1.13856,1.13848,1.13848
True,31,1.13848,1.13865,1.13847,1.13860
True,39,1.13856,1.13856,1.13836,1.13840
True,14,1.13839,1.13839,1.13832,1.13832
True,62,1.13829,1.13849,1.13815,1.13838
True,17,1.13840,1.13840,1.13822,1.13822
True,23,1.13824,1.13844,1.13824,1.13843
True,24,1.13844,1.13850,1.13843,1.13844
True,4,1.13845,1.13851,1.13844,1.13851
True,38,1.13846,1.13853,1.13832,1.13849
True,26,1.13847,1.13864,1.13847,1.13855
True,37,1.13855,1.13864,1.13850,1.13858
True,3,1.13855,1.13857,1.13853,1.13853
True,30,1.13852,1.13858,1.13851,1.13856
True,22,1.13856,1.13857,1.13840,1.13840
True,14,1.13838,1.13841,1.13832,1.13838
True,14,1.13838,1.13838,1.13828,1.13830
True,5,1.13834,1.13836,1.13832,1.13836
True,31,1.13836,1.13846,1.13836,1.13845
True,11,1.13846,1.13854,1.13840,1.13854
True,8,1.13854,1.13855,1.13850,1.13850
True,27,1.13854,1.13856,1.13840,1.13844
True,9,1.13844,1.13846,1.13842,1.13846
True,4,1.13848,1.13848,1.13844,1.13845
True,26,1.13844,1.13856,1.13844,1.13856
True,17,1.13859,1.13864,1.13852,1.13856
True,14,1.13852,1.13852,1.13836,1.13842
True,31,1.13842,1.13848,1.13838,1.13844
True,7,1.13846,1.13849,1.13842,1.13844
True,11,1.13846,1.13849,1.13842,1.13848
True,1,1.13851,1.13851,1.13851,1.13851
True,64,1.13856,1.13860,1.13839,1.13845
True,65,1.13846,1.13874,1.13844,1.13874
True,123,1.13874,1.13891,1.13872,1.13879
True,82,1.13880,1.13886,1.13856,1.13858
True,31,1.13858,1.13864,1.13847,1.13847
True,35,1.13850,1.13854,1.13847,1.13850
True,44,1.13850,1.13858,1.13849,1.13856
True,15,1.13856,1.13864,1.13856,1.13860
True,9,1.13860,1.13866,1.13860,1.13866
True,24,1.13863,1.13889,1.13863,1.13889
True,57,1.13889,1.13890,1.13873,1.13873
True,35,1.13874,1.13874,1.13870,1.13870
True,27,1.13868,1.13876,1.13857,1.13857
True,26,1.13858,1.13863,1.13854,1.13857
True,22,1.13853,1.13854,1.13848,1.13853
True,31,1.13850,1.13856,1.13836,1.13838
True,33,1.13833,1.13835,1.13826,1.13830
True,36,1.13830,1.13830,1.13809,1.13810
True,41,1.13809,1.13822,1.13808,1.13818
True,18,1.13816,1.13822,1.13812,1.13818
True,26,1.13818,1.13818,1.13806,1.13806
True,17,1.13803,1.13812,1.13796,1.13810
True,39,1.13811,1.13812,1.13802,1.13808
True,37,1.13804,1.13810,1.13798,1.13798
True,32,1.13800,1.13808,1.13788,1.13804
True,19,1.13804,1.13824,1.13800,1.13824
True,14,1.13823,1.13836,1.13823,1.13832
True,48,1.13833,1.13852,1.13832,1.13840
True,77,1.13840,1.13859,1.13838,1.13838
True,58,1.13836,1.13838,1.13824,1.13828
True,33,1.13828,1.13843,1.13822,1.13843
True,42,1.13839,1.13856,1.13834,1.13850
True,1061,1.13852,1.14008,1.13852,1.13928
True,260,1.13922,1.13948,1.13914,1.13927
True,130,1.13922,1.13940,1.13906,1.13934
True,106,1.13939,1.13946,1.13924,1.13926
True,44,1.13930,1.13937,1.13916,1.13920
True,62,1.13922,1.13922,1.13896,1.13909
True,42,1.13909,1.13910,1.13890,1.13900
True,64,1.13896,1.13896,1.13876,1.13888
True,37,1.13889,1.13899,1.13874,1.13874
True,24,1.13877,1.13891,1.13876,1.13891
True,12,1.13896,1.13896,1.13887,1.13887
True,62,1.13882,1.13883,1.13848,1.13870
True,33,1.13868,1.13879,1.13860,1.13879
True,17,1.13880,1.13880,1.13867,1.13874
True,42,1.13875,1.13886,1.13874,1.13885
True,59,1.13884,1.13891,1.13878,1.13882
True,79,1.13886,1.13888,1.13872,1.13886
True,39,1.13886,1.13888,1.13885,1.13887
True,41,1.13886,1.13902,1.13886,1.13896
True,38,1.13894,1.13902,1.13886,1.13900
True,19,1.13900,1.13904,1.13900,1.13904
True,56,1.13904,1.13920,1.13895,1.13919
True,19,1.13914,1.13922,1.13910,1.13914
True,49,1.13914,1.13918,1.13910,1.13914
True,14,1.13914,1.13920,1.13914,1.13914
True,36,1.13914,1.13932,1.13914,1.13924
True,12,1.13924,1.13926,1.13920,1.13924
True,33,1.13923,1.13937,1.13922,1.13934
True,63,1.13934,1.13944,1.13932,1.13937
True,15,1.13942,1.13942,1.13931,1.13934
True,30,1.13933,1.13934,1.13926,1.13930
True,30,1.13930,1.13930,1.13923,1.13930
True,4,1.13930,1.13932,1.13930,1.13932
True,47,1.13934,1.13943,1.13930,1.13938
True,5,1.13940,1.13940,1.13934,1.13936
True,17,1.13936,1.13940,1.13936,1.13940
True,5,1.13940,1.13940,1.13936,1.13936
True,11,1.13934,1.13934,1.13928,1.13934
True,26,1.13934,1.13935,1.13924,1.13924
True,22,1.13929,1.13940,1.13926,1.13940
True,26,1.13938,1.13941,1.13931,1.13940
True,30,1.13940,1.13942,1.13934,1.13935
True,13,1.13935,1.13941,1.13934,1.13940
True,6,1.13940,1.13943,1.13938,1.13943
True,13,1.13940,1.13946,1.13937,1.13946
True,22,1.13946,1.13952,1.13934,1.13936
True,16,1.13936,1.13936,1.13934,1.13934
True,20,1.13934,1.13942,1.13934,1.13940
True,28,1.13940,1.13950,1.13940,1.13950
True,14,1.13950,1.13951,1.13942,1.13946
True,14,1.13945,1.13958,1.13944,1.13958
True,64,1.13964,1.13965,1.13950,1.13951
True,59,1.13954,1.13964,1.13944,1.13945
True,28,1.13944,1.13949,1.13944,1.13944
True,23,1.13944,1.13948,1.13942,1.13946
True,8,1.13946,1.13948,1.13946,1.13946
True,15,1.13944,1.13949,1.13941,1.13949
True,23,1.13949,1.13949,1.13943,1.13945
True,46,1.13944,1.13954,1.13944,1.13952
True,14,1.13948,1.13955,1.13948,1.13950
True,7,1.13951,1.13952,1.13950,1.13952
True,36,1.13956,1.13966,1.13956,1.13961
True,15,1.13964,1.13969,1.13962,1.13969
True,44,1.13965,1.13974,1.13960,1.13970
True,22,1.13970,1.13971,1.13960,1.13964
True,8,1.13960,1.13968,1.13959,1.13961
True,32,1.13956,1.13956,1.13932,1.13932
True,13,1.13932,1.13943,1.13932,1.13940
True,9,1.13946,1.13946,1.13942,1.13942
True,7,1.13941,1.13942,1.13936,1.13936
True,11,1.13939,1.13942,1.13934,1.13942
True,1,1.13946,1.13946,1.13946,1.13946
True,7,1.13946,1.13946,1.13934,1.13934
True,2,1.13934,1.13936,1.13934,1.13936
True,6,1.13936,1.13938,1.13936,1.13938
True,4,1.13938,1.13942,1.13938,1.13942
True,12,1.13936,1.13938,1.13936,1.13938
True,3,1.13938,1.13942,1.13938,1.13942
True,3,1.13944,1.13950,1.13944,1.13950
True,7,1.13945,1.13952,1.13944,1.13950
True,3,1.13946,1.13948,1.13944,1.13944
True,2,1.13943,1.13945,1.13943,1.13945
True,4,1.13948,1.13948,1.13943,1.13944
True,9,1.13945,1.13946,1.13944,1.13945
True,1,1.13948,1.13948,1.13948,1.13948
True,3,1.13943,1.13946,1.13943,1.13946
True,12,1.13952,1.13952,1.13942,1.13942
True,11,1.13948,1.13949,1.13939,1.13939
True,24,1.13938,1.13943,1.13930,1.13933
True,24,1.13933,1.13934,1.13924,1.13926
True,18,1.13926,1.13930,1.13912,1.13918
True,7,1.13918,1.13918,1.13916,1.13916
True,2,1.13914,1.13914,1.13908,1.13908
True,3,1.13908,1.13910,1.13908,1.13910
True,8,1.13908,1.13917,1.13908,1.13917
True,15,1.13914,1.13914,1.13908,1.13912
True,20,1.13914,1.13914,1.13902,1.13908
True,1,1.13911,1.13911,1.13911,1.13911
True,29,1.13909,1.13909,1.13892,1.13896
True,2,1.13898,1.13898,1.13896,1.13896
True,40,1.13894,1.13900,1.13889,1.13894
True,35,1.13889,1.13890,1.13878,1.13888
True,12,1.13887,1.13890,1.13883,1.13886
True,57,1.13884,1.13896,1.13882,1.13882
True,50,1.13881,1.13892,1.13878,1.13885
True,38,1.13884,1.13889,1.13869,1.13869
True,34,1.13868,1.13886,1.13868,1.13875
True,98,1.13874,1.13896,1.13872,1.13888
True,106,1.13889,1.13890,1.13858,1.13877
True,87,1.13878,1.13878,1.13862,1.13863
True,32,1.13864,1.13882,1.13862,1.13876
True,48,1.13877,1.13889,1.13868,1.13875
